日期,南投縣,臺中市,臺北市,臺南市,臺東縣,嘉義市,嘉義縣,基隆市,境外移入,宜蘭縣,屏東縣,彰化縣,新北市,新竹市,新竹縣,桃園市,澎湖縣,花蓮縣,苗栗縣,連江縣,金門縣,雲林縣,高雄市
2020/1/22,0,0,0,0,0,0,0,0,1,0,0,0,0,0,0,0,0,0,0,0,0,0,0
2020/1/24,0,0,0,0,0,0,0,0,2,0,0,0,0,0,0,0,0,0,0,0,0,0,0
2020/1/26,0,0,0,0,0,0,0,0,1,0,0,0,0,0,0,0,0,0,0,0,0,0,0
2020/1/27,0,0,0,0,0,0,0,0,1,0,0,0,0,0,0,0,0,0,0,0,0,0,0
2020/1/28,0,0,0,0,0,0,0,0,2,0,0,1,0,0,0,0,0,0,0,0,0,0,0
2020/1/30,1,0,0,0,0,0,0,0,0,0,0,0,0,0,0,0,0,0,0,0,0,0,0
2020/1/31,0,0,0,0,0,0,0,0,1,0,0,0,0,0,0,0,0,0,0,0,0,0,0
2020/2/4,0,0,0,0,0,0,0,0,1,0,0,0,0,0,0,0,0,0,0,0,0,0,0
2020/2/6,0,0,0,0,0,0,0,0,3,0,0,0,0,0,0,0,0,0,0,0,0,0,0
2020/2/7,0,0,0,0,0,0,0,0,2,0,0,0,0,0,0,0,0,0,0,0,0,0,0
2020/2/8,0,0,0,0,0,0,0,0,1,0,0,0,0,0,0,0,0,0,0,0,0,0,0
2020/2/9,0,0,0,0,0,0,0,0,1,0,0,0,0,0,0,0,0,0,0,0,0,0,0
2020/2/16,0,0,0,0,0,0,0,0,0,0,0,2,0,0,0,0,0,0,0,0,0,0,0
2020/2/18,0,1,0,0,0,0,0,0,0,0,0,1,0,0,0,0,0,0,0,0,0,0,0
2020/2/19,0,1,0,0,0,0,0,0,0,0,0,0,0,0,0,0,0,0,0,0,0,0,0
2020/2/20,0,0,0,0,0,0,0,0,0,0,0,0,1,0,0,0,0,0,0,0,0,0,0
2020/2/21,0,0,0,0,0,0,0,0,0,0,0,0,2,0,0,0,0,0,0,0,0,0,0
2020/2/23,0,0,0,0,0,0,0,0,0,0,0,0,2,0,0,0,0,0,0,0,0,0,0
2020/2/24,0,0,0,0,0,0,0,0,0,0,0,0,2,0,0,0,0,0,0,0,0,0,0
2020/2/25,0,0,0,0,0,0,0,0,0,0,0,0,1,0,0,0,0,0,0,0,0,0,0
2020/2/26,0,0,0,0,0,0,0,0,0,0,0,0,1,0,0,0,0,0,0,0,0,0,0
2020/2/28,0,0,0,0,0,0,0,0,1,0,0,0,0,0,0,1,0,0,0,0,0,0,0
2020/2/29,0,0,0,0,0,0,0,0,1,0,0,0,0,0,0,4,0,0,0,0,0,0,0
2020/3/1,0,0,0,0,0,0,0,0,1,0,0,0,0,0,0,0,0,0,0,0,0,0,0
2020/3/2,0,0,0,0,0,0,0,0,0,0,0,0,0,0,0,1,0,0,0,0,0,0,0
2020/3/3,0,0,0,0,0,0,0,0,0,0,0,0,0,0,0,1,0,0,0,0,0,0,0
2020/3/5,0,0,0,0,0,0,0,0,1,0,0,0,1,0,0,0,0,0,0,0,0,0,0
2020/3/6,0,0,0,0,0,0,0,0,0,0,0,0,0,0,0,1,0,0,0,0,0,0,0
2020/3/10,0,0,0,0,0,0,0,0,1,0,0,0,0,0,0,1,0,0,0,0,0,0,0
2020/3/11,0,0,0,0,0,0,0,0,1,0,0,0,0,0,0,0,0,0,0,0,0,0,0
2020/3/12,0,0,0,0,0,0,0,0,1,0,0,0,0,0,0,0,0,0,0,0,0,0,0
2020/3/13,0,1,0,0,0,0,0,0,0,0,0,0,0,0,0,0,0,0,0,0,0,0,0
2020/3/14,0,0,0,0,0,0,0,0,3,0,0,0,0,0,0,0,0,0,0,0,0,0,0
2020/3/15,0,0,0,0,0,0,0,0,5,0,0,0,0,0,0,0,0,0,0,0,0,0,0
2020/3/16,0,0,0,0,0,0,0,0,8,0,0,0,0,0,0,0,0,0,0,0,0,0,0
2020/3/17,0,0,0,0,0,0,0,0,11,0,0,0,0,0,0,0,0,0,0,0,0,0,0
2020/3/18,0,0,0,1,0,0,0,0,21,0,0,0,1,0,0,0,0,0,0,0,0,0,0
2020/3/19,0,0,0,0,0,0,0,0,7,0,0,0,1,0,0,0,0,0,0,0,0,0,0
2020/3/20,0,1,2,0,0,0,0,0,23,0,0,0,0,0,0,0,0,0,0,0,0,0,0
2020/3/21,0,0,0,0,0,0,0,0,19,0,0,0,0,0,0,0,0,0,0,0,0,0,0
2020/3/22,0,0,1,0,0,0,0,0,13,0,0,0,1,0,0,1,0,0,0,0,0,0,0
2020/3/23,0,0,0,0,0,0,0,0,25,0,0,0,1,0,0,0,0,0,0,0,0,0,0
2020/3/24,0,0,0,0,0,0,0,0,20,0,0,0,0,1,0,0,0,0,0,0,0,0,0
2020/3/25,0,0,0,0,0,0,0,0,19,0,0,0,0,0,0,0,0,0,0,0,0,0,0
2020/3/26,0,0,1,0,0,0,0,1,15,0,0,0,0,0,0,0,0,0,0,0,0,0,0
2020/3/27,0,0,0,0,0,0,0,0,15,0,0,0,0,0,0,0,0,0,0,0,0,0,0
2020/3/28,0,0,0,0,0,0,0,0,14,0,0,0,1,0,0,1,0,0,0,0,0,0,0
2020/3/29,0,1,0,0,0,0,0,0,14,0,0,0,0,0,0,0,0,0,0,0,0,0,0
2020/3/30,0,0,0,0,0,0,0,0,7,0,0,0,0,0,0,1,0,0,0,0,0,0,0
2020/3/31,0,0,1,0,0,0,0,0,14,0,0,0,1,0,0,0,0,0,0,0,0,0,0
2020/4/1,0,0,0,0,0,0,0,0,7,0,0,0,0,0,0,0,0,0,0,0,0,0,0
2020/4/2,0,0,1,0,0,0,0,0,8,0,0,0,1,0,0,0,0,0,0,0,0,0,0
2020/4/3,0,0,1,0,0,0,0,0,7,0,0,0,0,1,0,0,0,0,0,0,0,0,0
2020/4/4,0,0,0,0,0,0,0,0,6,0,0,0,0,0,0,1,0,0,0,0,0,0,0
2020/4/5,0,0,0,0,0,0,0,0,8,0,0,0,0,0,0,0,0,0,0,0,0,0,0
2020/4/6,0,0,0,0,0,0,0,0,9,0,0,0,0,1,0,0,0,0,0,0,0,0,0
2020/4/7,0,0,0,0,0,0,0,0,3,0,0,0,0,0,0,0,0,0,0,0,0,0,0
2020/4/8,0,0,0,0,0,0,0,0,2,0,0,0,0,0,0,1,0,0,0,0,0,0,0
2020/4/9,0,0,1,0,0,0,0,0,0,0,0,0,0,0,0,0,0,0,0,0,0,0,0
2020/4/10,0,0,0,0,0,0,0,0,2,0,0,0,0,0,0,0,0,0,0,0,0,0,0
2020/4/11,0,0,0,0,0,0,0,0,3,0,0,0,0,0,0,0,0,0,0,0,0,0,0
2020/4/12,0,0,0,0,0,0,0,0,2,0,0,0,1,0,0,0,0,0,0,0,0,0,0
2020/4/13,0,0,0,0,0,0,0,0,5,0,0,0,0,0,0,0,0,0,0,0,0,0,0
2020/4/15,0,0,0,0,0,0,0,0,2,0,0,0,0,0,0,0,0,0,0,0,0,0,0
2020/4/18,0,0,0,0,0,0,0,0,3,0,0,0,0,0,0,0,0,0,0,0,0,0,0
2020/4/19,0,0,0,0,0,0,0,0,22,0,0,0,0,0,0,0,0,0,0,0,0,0,0
2020/4/20,0,0,0,0,0,0,0,0,2,0,0,0,0,0,0,0,0,0,0,0,0,0,0
2020/4/21,0,0,0,0,0,0,0,0,3,0,0,0,0,0,0,0,0,0,0,0,0,0,0
2020/4/22,0,0,0,0,0,0,0,0,1,0,0,0,0,0,0,0,0,0,0,0,0,0,0
2020/4/23,0,0,0,0,0,0,0,0,1,0,0,0,0,0,0,0,0,0,0,0,0,0,0
2020/4/24,0,0,0,0,0,0,0,0,1,0,0,0,0,0,0,0,0,0,0,0,0,0,0
2020/4/25,0,0,0,0,0,0,0,0,1,0,0,0,0,0,0,0,0,0,0,0,0,0,0
2020/5/2,0,0,0,0,0,0,0,0,3,0,0,0,0,0,0,0,0,0,0,0,0,0,0
2020/5/3,0,0,0,0,0,0,0,0,3,0,0,0,0,0,0,0,0,0,0,0,0,0,0
2020/5/4,0,0,0,0,0,0,0,0,3,0,0,0,0,0,0,0,0,0,0,0,0,0,0
2020/5/6,0,0,0,0,0,0,0,0,1,0,0,0,0,0,0,0,0,0,0,0,0,0,0
2020/5/7,0,0,0,0,0,0,0,0,1,0,0,0,0,0,0,0,0,0,0,0,0,0,0
2020/5/21,0,0,0,0,0,0,0,0,1,0,0,0,0,0,0,0,0,0,0,0,0,0,0
2020/5/29,0,0,0,0,0,0,0,0,1,0,0,0,0,0,0,0,0,0,0,0,0,0,0
2020/6/1,0,0,0,0,0,0,0,0,1,0,0,0,0,0,0,0,0,0,0,0,0,0,0
2020/6/15,0,0,0,0,0,0,0,0,2,0,0,0,0,0,0,0,0,0,0,0,0,0,0
2020/6/18,0,0,0,0,0,0,0,0,1,0,0,0,0,0,0,0,0,0,0,0,0,0,0
2020/6/25,0,0,0,0,0,0,0,0,1,0,0,0,0,0,0,0,0,0,0,0,0,0,0
2020/7/2,0,0,0,0,0,0,0,0,1,0,0,0,0,0,0,0,0,0,0,0,0,0,0
2020/7/3,0,0,0,0,0,0,0,0,1,0,0,0,0,0,0,0,0,0,0,0,0,0,0
2020/7/10,0,0,0,0,0,0,0,0,2,0,0,0,0,0,0,0,0,0,0,0,0,0,0
2020/7/16,0,0,0,0,0,0,0,0,1,0,0,0,0,0,0,0,0,0,0,0,0,0,0
2020/7/17,0,0,0,0,0,0,0,0,2,0,0,0,0,0,0,0,0,0,0,0,0,0,0
2020/7/19,0,0,0,0,0,0,0,0,1,0,0,0,0,0,0,0,0,0,0,0,0,0,0
2020/7/24,0,0,0,0,0,0,0,0,3,0,0,0,0,0,0,0,0,0,0,0,0,0,0
2020/7/27,0,0,0,0,0,0,0,0,4,0,0,0,0,0,0,0,0,0,0,0,0,0,0
2020/7/28,0,0,0,0,0,0,0,0,5,0,0,0,0,0,0,0,0,0,0,0,0,0,0
2020/8/1,0,0,0,0,0,0,0,0,7,0,0,0,0,0,0,0,0,0,0,0,0,0,0
2020/8/2,0,0,0,0,0,0,0,0,1,0,0,0,0,0,0,0,0,0,0,0,0,0,0
2020/8/4,0,0,0,0,0,0,0,0,1,0,0,0,0,0,0,0,0,0,0,0,0,0,0
2020/8/6,0,0,0,0,0,0,0,0,1,0,0,0,0,0,0,0,0,0,0,0,0,0,0
2020/8/8,0,0,0,0,0,0,0,0,2,0,0,0,0,0,0,0,0,0,0,0,0,0,0
2020/8/9,0,0,0,0,0,0,0,0,1,0,0,0,0,0,0,0,0,0,0,0,0,0,0
2020/8/12,0,0,0,0,0,0,0,0,1,0,0,0,0,0,0,0,0,0,0,0,0,0,0
2020/8/15,0,0,0,0,0,0,0,0,1,0,0,0,0,0,0,0,0,0,0,0,0,0,0
2020/8/16,0,0,0,0,0,0,0,0,1,0,0,0,0,0,0,0,0,0,0,0,0,0,0
2020/8/17,0,0,0,0,0,0,0,0,2,0,0,0,0,0,0,0,0,0,0,0,0,0,0
2020/8/18,0,0,0,0,0,0,0,0,1,0,0,0,0,0,0,0,0,0,0,0,0,0,0
2020/8/21,0,0,0,0,0,0,0,0,1,0,0,0,0,0,0,0,0,0,0,0,0,0,0
2020/8/29,0,0,0,0,0,0,0,0,1,0,0,0,0,0,0,0,0,0,0,0,0,0,0
2020/9/2,0,0,0,0,0,0,0,0,1,0,0,0,0,0,0,0,0,0,0,0,0,0,0
2020/9/4,0,0,0,0,0,0,0,0,1,0,0,0,0,0,0,0,0,0,0,0,0,0,0
2020/9/5,0,0,0,0,0,0,0,0,2,0,0,0,0,0,0,0,0,0,0,0,0,0,0
2020/9/6,0,0,0,0,0,0,0,0,1,0,0,0,0,0,0,0,0,0,0,0,0,0,0
2020/9/7,0,0,0,0,0,0,0,0,1,0,0,0,0,0,0,0,0,0,0,0,0,0,0
2020/9/8,0,0,0,0,0,0,0,0,1,0,0,0,0,0,0,0,0,0,0,0,0,0,0
2020/9/10,0,0,0,0,0,0,0,0,1,0,0,0,0,0,0,0,0,0,0,0,0,0,0
2020/9/11,0,0,0,0,0,0,0,0,2,0,0,0,0,0,0,0,0,0,0,0,0,0,0
2020/9/14,0,0,0,0,0,0,0,0,1,0,0,0,0,0,0,0,0,0,0,0,0,0,0
2020/9/16,0,0,0,0,0,0,0,0,1,0,0,0,0,0,0,0,0,0,0,0,0,0,0
2020/9/17,0,0,0,0,0,0,0,0,3,0,0,0,0,0,0,0,0,0,0,0,0,0,0
2020/9/19,0,0,0,0,0,0,0,0,3,0,0,0,0,0,0,0,0,0,0,0,0,0,0
2020/9/20,0,0,0,0,0,0,0,0,1,0,0,0,0,0,0,0,0,0,0,0,0,0,0
2020/9/21,0,0,0,0,0,0,0,0,2,0,0,0,0,0,0,0,0,0,0,0,0,0,0
2020/9/25,0,0,0,0,0,0,0,0,1,0,0,0,0,0,0,0,0,0,0,0,0,0,0
2020/9/28,0,0,0,0,0,0,0,0,3,0,0,0,0,0,0,0,0,0,0,0,0,0,0
2020/9/30,0,0,0,0,0,0,0,0,1,0,0,0,0,0,0,0,0,0,0,0,0,0,0
2020/10/1,0,0,0,0,0,0,0,0,1,0,0,0,0,0,0,0,0,0,0,0,0,0,0
2020/10/2,0,0,0,0,0,0,0,0,2,0,0,0,0,0,0,0,0,0,0,0,0,0,0
2020/10/5,0,0,0,0,0,0,0,0,1,0,0,0,0,0,0,0,0,0,0,0,0,0,0
2020/10/6,0,0,0,0,0,0,0,0,3,0,0,0,0,0,0,0,0,0,0,0,0,0,0
2020/10/7,0,0,0,0,0,0,0,0,2,0,0,0,0,0,0,0,0,0,0,0,0,0,0
2020/10/8,0,0,0,0,0,0,0,0,1,0,0,0,0,0,0,0,0,0,0,0,0,0,0
2020/10/9,0,0,0,0,0,0,0,0,3,0,0,0,0,0,0,0,0,0,0,0,0,0,0
2020/10/12,0,0,0,0,0,0,0,0,2,0,0,0,0,0,0,0,0,0,0,0,0,0,0
2020/10/15,0,0,0,0,0,0,0,0,1,0,0,0,0,0,0,0,0,0,0,0,0,0,0
2020/10/16,0,0,0,0,0,0,0,0,4,0,0,0,0,0,0,0,0,0,0,0,0,0,0
2020/10/19,0,0,0,0,0,0,0,0,5,0,0,0,0,0,0,0,0,0,0,0,0,0,0
2020/10/20,0,0,0,0,0,0,0,0,3,0,0,0,0,0,0,0,0,0,0,0,0,0,0
2020/10/21,0,0,0,0,0,0,0,0,1,0,0,0,0,0,0,0,0,0,0,0,0,0,0
2020/10/22,0,0,0,0,0,0,0,0,4,0,0,0,0,0,0,0,0,0,0,0,0,0,0
2020/10/24,0,0,0,0,0,0,0,0,2,0,0,0,0,0,0,0,0,0,0,0,0,0,0
2020/10/28,0,0,0,0,0,0,0,0,1,0,0,0,0,0,0,0,0,0,0,0,0,0,0
2020/10/29,0,0,0,0,0,0,0,0,3,0,0,0,0,0,0,0,0,0,0,0,0,0,0
2020/10/30,0,0,0,0,0,0,0,0,1,0,0,0,0,0,0,0,0,0,0,0,0,0,0
2020/10/31,0,0,0,0,0,0,0,0,1,0,0,0,0,0,0,0,0,0,0,0,0,0,0
2020/11/1,0,0,0,0,0,0,0,0,3,0,0,0,0,0,0,0,0,0,0,0,0,0,0
2020/11/2,0,0,0,0,0,0,0,0,5,0,0,0,0,0,0,0,0,0,0,0,0,0,0
2020/11/3,0,0,0,0,0,0,0,0,4,0,0,0,0,0,0,0,0,0,0,0,0,0,0
2020/11/4,0,0,0,0,0,0,0,0,1,0,0,0,0,0,0,0,0,0,0,0,0,0,0
2020/11/5,0,0,0,0,0,0,0,0,1,0,0,0,0,0,0,0,0,0,0,0,0,0,0
2020/11/6,0,0,0,0,0,0,0,0,4,0,0,0,0,0,0,0,0,0,0,0,0,0,0
2020/11/8,0,0,0,0,0,0,0,0,4,0,0,0,0,0,0,0,0,0,0,0,0,0,0
2020/11/9,0,0,0,0,0,0,0,0,1,0,0,0,0,0,0,0,0,0,0,0,0,0,0
2020/11/10,0,0,0,0,0,0,0,0,2,0,0,0,0,0,0,0,0,0,0,0,0,0,0
2020/11/11,0,0,0,0,0,0,0,0,4,0,0,0,0,0,0,0,0,0,0,0,0,0,0
2020/11/12,0,0,0,0,0,0,0,0,5,0,0,0,0,0,0,0,0,0,0,0,0,0,0
2020/11/13,0,0,0,0,0,0,0,0,8,0,0,0,0,0,0,0,0,0,0,0,0,0,0
2020/11/14,0,0,0,0,0,0,0,0,3,0,0,0,0,0,0,0,0,0,0,0,0,0,0
2020/11/15,0,0,0,0,0,0,0,0,2,0,0,0,0,0,0,0,0,0,0,0,0,0,0
2020/11/16,0,0,0,0,0,0,0,0,1,0,0,0,0,0,0,0,0,0,0,0,0,0,0
2020/11/17,0,0,0,0,0,0,0,0,2,0,0,0,0,0,0,0,0,0,0,0,0,0,0
2020/11/18,0,0,0,0,0,0,0,0,2,0,0,0,0,0,0,0,0,0,0,0,0,0,0
2020/11/19,0,0,0,0,0,0,0,0,2,0,0,0,0,0,0,0,0,0,0,0,0,0,0
2020/11/20,0,0,0,0,0,0,0,0,2,0,0,0,0,0,0,0,0,0,0,0,0,0,0
2020/11/22,0,0,0,0,0,0,0,0,6,0,0,0,0,0,0,0,0,0,0,0,0,0,0
2020/11/23,0,0,0,0,0,0,0,0,1,0,0,0,0,0,0,0,0,0,0,0,0,0,0
2020/11/25,0,0,0,0,0,0,0,0,5,0,0,0,0,0,0,0,0,0,0,0,0,0,0
2020/11/26,0,0,0,0,0,0,0,0,2,0,0,0,0,0,0,0,0,0,0,0,0,0,0
2020/11/27,0,0,0,0,0,0,0,0,14,0,0,0,0,0,0,0,0,0,0,0,0,0,0
2020/11/28,0,0,0,0,0,0,0,0,9,0,0,0,0,0,0,0,0,0,0,0,0,0,0
2020/11/29,0,0,0,0,0,0,0,0,3,0,0,0,0,0,0,0,0,0,0,0,0,0,0
2020/11/30,0,0,0,0,0,0,0,0,24,0,0,0,0,0,0,0,0,0,0,0,0,0,0
2020/12/1,0,0,0,0,0,0,0,0,4,0,0,0,0,0,0,0,0,0,0,0,0,0,0
2020/12/2,0,0,0,0,0,0,0,0,6,0,0,0,0,0,0,0,0,0,0,0,0,0,0
2020/12/3,0,0,0,0,0,0,0,0,1,0,0,0,0,0,0,0,0,0,0,0,0,0,0
2020/12/4,0,0,0,0,0,0,0,0,4,0,0,0,0,0,0,0,0,0,0,0,0,0,0
2020/12/5,0,0,0,0,0,0,0,0,4,0,0,0,0,0,0,0,0,0,0,0,0,0,0
2020/12/6,0,0,0,0,0,0,0,0,22,0,0,0,0,0,0,0,0,0,0,0,0,0,0
2020/12/8,0,0,0,0,0,0,0,0,2,0,0,0,0,0,0,0,0,0,0,0,0,0,0
2020/12/9,0,0,0,0,0,0,0,0,2,0,0,0,0,0,0,0,0,0,0,0,0,0,0
2020/12/10,0,0,0,0,0,0,0,0,4,0,0,0,0,0,0,0,0,0,0,0,0,0,0
2020/12/11,0,0,0,0,0,0,0,0,1,0,0,0,0,0,0,0,0,0,0,0,0,0,0
2020/12/12,0,0,0,0,0,0,0,0,8,0,0,0,0,0,0,0,0,0,0,0,0,0,0
2020/12/13,0,0,0,0,0,0,0,0,3,0,0,0,0,0,0,0,0,0,0,0,0,0,0
2020/12/14,0,0,0,0,0,0,0,0,4,0,0,0,0,0,0,0,0,0,0,0,0,0,0
2020/12/15,0,0,0,0,0,0,0,0,2,0,0,0,0,0,0,0,0,0,0,0,0,0,0
2020/12/16,0,0,0,0,0,0,0,0,7,0,0,0,0,0,0,0,0,0,0,0,0,0,0
2020/12/17,0,0,0,0,0,0,0,0,8,0,0,0,0,0,0,0,0,0,0,0,0,0,0
2020/12/18,0,0,0,0,0,0,0,0,2,0,0,0,0,0,0,0,0,0,0,0,0,0,0
2020/12/19,0,0,0,0,0,0,0,0,4,0,0,0,0,0,0,0,0,0,0,0,0,0,0
2020/12/20,0,0,0,0,0,0,0,0,3,0,0,0,0,0,0,0,0,0,0,0,0,0,0
2020/12/22,0,0,0,0,0,0,0,0,3,0,0,0,0,0,0,1,0,0,0,0,0,0,0
2020/12/23,0,0,0,0,0,0,0,0,6,0,0,0,0,0,0,0,0,0,0,0,0,0,0
2020/12/25,0,0,0,0,0,0,0,0,4,0,0,0,0,0,0,0,0,0,0,0,0,0,0
2020/12/26,0,0,0,0,0,0,0,0,3,0,0,0,0,0,0,0,0,0,0,0,0,0,0
2020/12/27,0,0,0,0,0,0,0,0,2,0,0,0,0,0,0,0,0,0,0,0,0,0,0
2020/12/28,0,0,0,0,0,0,0,0,8,0,0,0,0,0,0,0,0,0,0,0,0,0,0
2020/12/29,0,0,0,0,0,0,0,0,2,0,0,0,0,0,0,0,0,0,0,0,0,0,0
2020/12/30,0,0,0,0,0,0,0,0,2,0,0,0,0,0,0,0,0,0,0,0,0,0,0
2020/12/31,0,0,0,0,0,0,0,0,2,0,0,0,0,0,0,0,0,0,0,0,0,0,0
2021/1/1,0,0,0,0,0,0,0,0,3,0,0,0,0,0,0,0,0,0,0,0,0,0,0
2021/1/2,0,0,0,0,0,0,0,0,6,0,0,0,0,0,0,0,0,0,0,0,0,0,0
2021/1/3,0,0,0,0,0,0,0,0,4,0,0,0,0,0,0,0,0,0,0,0,0,0,0
2021/1/4,0,0,0,0,0,0,0,0,3,0,0,0,0,0,0,0,0,0,0,0,0,0,0
2021/1/5,0,0,0,0,0,0,0,0,2,0,0,0,0,0,0,0,0,0,0,0,0,0,0
2021/1/6,0,0,0,0,0,0,0,0,2,0,0,0,0,0,0,0,0,0,0,0,0,0,0
2021/1/7,0,0,0,0,0,0,0,0,3,0,0,0,0,0,0,0,0,0,0,0,0,0,0
2021/1/8,0,0,0,0,0,0,0,0,3,0,0,0,0,0,0,0,0,0,0,0,0,0,0
2021/1/9,0,0,0,0,0,0,0,0,3,0,0,0,0,0,0,0,0,0,0,0,0,0,0
2021/1/11,0,0,0,0,0,0,0,0,6,0,0,0,0,0,0,0,0,0,0,0,0,0,0
2021/1/12,0,0,0,0,0,0,0,0,2,0,0,0,0,0,0,2,0,0,0,0,0,0,0
2021/1/13,0,0,0,0,0,0,0,0,4,0,0,0,0,0,0,0,0,0,0,0,0,0,0
2021/1/15,0,0,0,0,0,0,0,0,1,0,0,0,0,0,0,0,0,0,0,0,0,0,0
2021/1/16,0,0,0,0,0,0,0,0,7,0,0,0,0,0,0,1,0,0,0,0,0,0,0
2021/1/17,0,0,0,0,0,0,0,0,3,0,0,0,0,0,0,1,0,0,0,0,0,0,0
2021/1/18,0,0,0,0,0,0,0,0,6,0,0,0,0,0,0,1,0,0,0,0,0,0,0
2021/1/19,0,0,0,0,0,0,0,0,2,0,0,0,0,0,0,4,0,0,0,0,0,0,0
2021/1/20,0,0,0,0,0,0,0,0,1,0,0,0,0,0,0,1,0,0,0,0,0,0,0
2021/1/21,0,0,0,0,0,0,0,0,3,0,0,0,0,0,0,0,0,0,0,0,0,0,0
2021/1/22,0,0,0,0,0,0,0,0,6,0,0,0,0,0,0,2,0,0,0,0,0,0,0
2021/1/23,0,0,0,0,0,0,0,0,2,0,0,0,0,0,0,1,0,0,0,0,0,0,0
2021/1/24,0,0,0,0,0,0,0,0,1,0,0,0,0,0,0,2,0,0,0,0,0,0,0
2021/1/25,0,0,0,0,0,0,0,0,2,0,0,0,0,0,0,0,0,0,0,0,0,0,0
2021/1/26,0,0,0,0,0,0,0,0,1,0,0,0,0,0,0,0,0,0,0,0,0,0,0
2021/1/27,0,0,0,0,0,0,0,0,3,0,0,0,0,0,0,0,0,0,0,0,0,0,0
2021/1/28,0,0,0,0,0,0,0,0,2,0,0,0,0,0,0,0,0,0,0,0,0,0,0
2021/1/29,0,0,0,0,0,0,0,0,4,0,0,0,0,0,0,0,0,0,0,0,0,0,0
2021/1/30,0,0,0,0,0,0,0,0,6,0,0,0,0,0,0,4,0,0,0,0,0,0,0
2021/1/31,0,0,0,0,0,0,0,0,2,0,0,0,0,0,0,0,0,0,0,0,0,0,0
2021/2/1,0,0,0,0,0,0,0,0,1,0,0,0,0,0,0,0,0,0,0,0,0,0,0
2021/2/2,0,0,0,0,0,0,0,0,3,0,0,0,0,0,0,0,0,0,0,0,0,0,0
2021/2/3,0,0,0,0,0,0,0,0,2,0,0,0,0,0,0,0,0,0,0,0,0,0,0
2021/2/4,0,0,0,0,0,0,0,0,2,0,0,0,0,0,0,0,0,0,0,0,0,0,0
2021/2/5,0,0,0,0,0,0,0,0,3,0,0,0,0,0,0,1,0,0,0,0,0,0,0
2021/2/6,0,0,0,0,0,0,0,0,1,0,0,0,0,0,0,0,0,0,0,0,0,0,0
2021/2/7,0,0,0,0,0,0,0,0,3,0,0,0,0,0,0,0,0,0,0,0,0,0,0
2021/2/8,0,0,0,0,0,0,0,0,1,0,0,0,0,0,0,0,0,0,0,0,0,0,0
2021/2/9,0,0,0,0,0,0,0,0,4,0,0,0,0,0,0,1,0,0,0,0,0,0,0
2021/2/10,0,0,0,0,0,0,0,0,2,0,0,0,0,0,0,0,0,0,0,0,0,0,0
2021/2/11,0,0,0,0,0,0,0,0,1,0,0,0,0,0,0,0,0,0,0,0,0,0,0
2021/2/12,0,0,0,0,0,0,0,0,1,0,0,0,0,0,0,0,0,0,0,0,0,0,0
2021/2/17,0,0,0,0,0,0,0,0,1,0,0,0,0,0,0,0,0,0,0,0,0,0,0
2021/2/18,0,0,0,0,0,0,0,0,2,0,0,0,0,0,0,0,0,0,0,0,0,0,0
2021/2/19,0,0,0,0,0,0,0,0,1,0,0,0,0,0,0,0,0,0,0,0,0,0,0
2021/2/20,0,0,0,0,0,0,0,0,1,0,0,0,0,0,0,0,0,0,0,0,0,0,0
2021/2/24,0,0,0,0,0,0,0,0,4,0,0,0,0,0,0,0,0,0,0,0,0,0,0
2021/2/25,0,0,0,0,0,0,0,0,5,0,0,0,0,0,0,0,0,0,0,0,0,0,0
2021/2/27,0,0,0,0,0,0,0,0,3,0,0,0,0,0,0,0,0,0,0,0,0,0,0
2021/2/28,0,0,0,0,0,0,0,0,1,0,0,0,0,0,0,0,0,0,0,0,0,0,0
2021/3/3,0,0,0,0,0,0,0,0,3,0,0,0,0,0,0,0,0,0,0,0,0,0,0
2021/3/4,0,0,0,0,0,0,0,0,2,0,0,0,0,0,0,0,0,0,0,0,0,0,0
2021/3/6,0,0,0,0,0,0,0,0,7,0,0,0,0,0,0,0,0,0,0,0,0,0,0
2021/3/7,0,0,0,0,0,0,0,0,2,0,0,0,0,0,0,0,0,0,0,0,0,0,0
2021/3/8,0,0,0,0,0,0,0,0,7,0,0,0,0,0,0,0,0,0,0,0,0,0,0
2021/3/9,0,0,0,0,0,0,0,0,1,0,0,0,0,0,0,0,0,0,0,0,0,0,0
2021/3/10,0,0,0,0,0,0,0,0,1,0,0,0,0,0,0,0,0,0,0,0,0,0,0
2021/3/12,0,0,0,0,0,0,0,0,6,0,0,0,0,0,0,0,0,0,0,0,0,0,0
2021/3/14,0,0,0,0,0,0,0,0,1,0,0,0,0,0,0,0,0,0,0,0,0,0,0
2021/3/15,0,0,0,0,0,0,0,0,5,0,0,0,0,0,0,0,0,0,0,0,0,0,0
2021/3/18,0,0,0,0,0,0,0,0,8,0,0,0,0,0,0,0,0,0,0,0,0,0,0
2021/3/19,0,0,0,0,0,0,0,0,6,0,0,0,0,0,0,0,0,0,0,0,0,0,0
2021/3/20,0,0,0,0,0,0,0,0,1,0,0,0,0,0,0,0,0,0,0,0,0,0,0
2021/3/21,0,0,0,0,0,0,0,0,1,0,0,0,0,0,0,0,0,0,0,0,0,0,0
2021/3/23,0,0,0,0,0,0,0,0,1,0,0,0,0,0,0,0,0,0,0,0,0,0,0
2021/3/24,0,0,0,0,0,0,0,0,2,0,0,0,0,0,0,0,0,0,0,0,0,0,0
2021/3/25,0,0,0,0,0,0,0,0,3,0,0,0,0,0,0,0,0,0,0,0,0,0,0
2021/3/26,0,0,0,0,0,0,0,0,1,0,0,0,0,0,0,0,0,0,0,0,0,0,0
2021/3/27,0,0,0,0,0,0,0,0,7,0,0,0,0,0,0,0,0,0,0,0,0,0,0
2021/3/28,0,0,0,0,0,0,0,0,2,0,0,0,0,0,0,0,0,0,0,0,0,0,0
2021/3/29,0,0,0,0,0,0,0,0,1,0,0,0,0,0,0,0,0,0,0,0,0,0,0
2021/3/30,0,0,0,0,0,0,0,0,1,0,0,0,0,0,0,0,0,0,0,0,0,0,0
2021/3/31,0,0,0,0,0,0,0,0,6,0,0,0,0,0,0,0,0,0,0,0,0,0,0
2021/4/1,0,0,0,0,0,0,0,0,6,0,0,0,0,0,0,0,0,0,0,0,0,0,0
2021/4/2,0,0,0,0,0,0,0,0,3,0,0,0,0,0,0,0,0,0,0,0,0,0,0
2021/4/3,0,0,0,0,0,0,0,0,6,0,0,0,0,0,0,0,0,0,0,0,0,0,0
2021/4/4,0,0,0,0,0,0,0,0,2,0,0,0,0,0,0,0,0,0,0,0,0,0,0
2021/4/5,0,0,0,0,0,0,0,0,1,0,0,0,0,0,0,0,0,0,0,0,0,0,0
2021/4/6,0,0,0,0,0,0,0,0,2,0,0,0,0,0,0,0,0,0,0,0,0,0,0
2021/4/9,0,0,0,0,0,0,0,0,4,0,0,0,0,0,0,0,0,0,0,0,0,0,0
2021/4/10,0,0,0,0,0,0,0,0,2,0,0,0,0,0,0,0,0,0,0,0,0,0,0
2021/4/11,0,0,0,0,0,0,0,0,1,0,0,0,0,0,0,0,0,0,0,0,0,0,0
2021/4/12,0,0,0,0,0,0,0,0,1,0,0,0,0,0,0,0,0,0,0,0,0,0,0
2021/4/13,0,0,0,0,0,0,0,0,4,0,0,0,0,0,0,0,0,0,0,0,0,0,0
2021/4/14,0,0,0,0,0,0,0,0,5,0,0,0,0,0,0,0,0,0,0,0,0,0,0
2021/4/15,0,0,0,0,0,0,0,0,1,0,0,0,0,0,0,0,0,0,0,0,0,0,0
2021/4/16,0,0,0,0,0,0,0,0,2,0,0,0,0,0,0,0,0,0,0,0,0,0,0
2021/4/17,0,0,0,0,0,0,0,0,2,0,0,0,0,0,0,0,0,0,0,0,0,0,0
2021/4/18,0,0,0,0,0,0,0,0,1,0,0,0,0,0,0,0,0,0,0,0,0,0,0
2021/4/19,0,0,0,0,0,0,0,0,3,0,0,0,0,0,0,0,0,0,0,0,0,0,0
2021/4/20,0,0,0,0,0,0,0,0,1,0,0,0,0,0,0,1,0,0,0,0,0,0,0
2021/4/21,0,0,0,0,0,0,0,0,4,0,0,0,0,0,0,0,0,0,0,0,0,0,0
2021/4/22,0,0,0,0,0,0,0,0,4,0,0,0,0,0,0,0,0,0,0,0,0,0,0
2021/4/23,0,0,0,0,0,0,0,0,3,0,0,0,0,0,0,1,0,0,0,0,0,0,0
2021/4/24,0,0,0,0,0,0,0,0,6,0,0,0,0,0,0,1,0,0,0,0,0,0,0
2021/4/25,0,0,0,0,0,0,0,0,3,0,0,0,0,0,0,0,0,0,0,0,0,0,0
2021/4/26,0,0,0,0,0,0,0,0,3,0,0,0,1,0,0,0,0,0,0,0,0,0,0
2021/4/27,0,0,0,0,0,0,0,0,5,0,0,0,0,0,0,1,0,0,0,0,0,0,0
2021/4/28,0,0,0,0,0,0,0,0,3,0,0,0,0,0,0,3,0,0,0,0,0,0,0
2021/4/29,0,0,1,0,0,0,0,0,3,0,0,0,1,0,0,0,0,0,0,0,0,0,0
2021/4/30,0,0,0,0,0,0,0,0,4,0,0,0,1,0,0,2,0,0,0,0,0,0,0
2021/5/1,0,0,1,0,0,0,0,0,3,0,0,0,0,0,0,0,0,0,0,0,0,0,0
2021/5/2,0,0,1,0,0,0,0,0,1,0,0,0,3,0,0,0,0,0,0,0,0,0,0
2021/5/3,0,0,0,0,0,0,0,0,6,0,0,0,1,0,0,1,0,0,0,0,0,0,0
2021/5/4,0,0,1,0,0,0,0,0,6,0,0,0,0,0,1,0,0,0,0,0,0,0,0
2021/5/5,0,0,0,0,0,0,0,0,7,0,0,0,0,0,0,0,0,0,0,0,0,0,0
2021/5/6,0,0,0,0,0,0,0,0,12,0,0,0,0,0,0,1,0,0,0,0,0,0,0
2021/5/7,0,0,0,0,0,0,0,0,5,0,0,0,0,0,0,0,0,0,0,0,0,0,0
2021/5/8,0,0,2,0,0,0,0,0,3,0,0,0,0,0,0,0,0,0,0,0,0,0,0
2021/5/9,0,0,0,0,0,0,0,0,1,0,0,0,0,0,0,0,0,0,0,0,0,0,0
2021/5/10,0,0,1,0,0,0,0,0,11,0,0,0,2,0,0,1,0,0,0,0,0,0,0
2021/5/11,0,0,1,0,0,0,0,0,4,5,0,0,1,0,0,0,0,0,0,0,0,0,0
2021/5/12,0,0,2,0,0,0,0,1,4,3,0,0,11,0,0,0,0,0,0,0,0,0,0
2021/5/13,0,0,2,0,0,0,0,0,12,0,0,0,7,0,0,4,0,0,0,0,0,0,0
2021/5/14,0,0,6,0,0,0,0,0,5,1,0,0,16,0,0,3,0,0,0,0,0,0,1
2021/5/15,0,1,86,0,0,0,0,1,5,4,0,6,79,0,0,4,0,0,0,0,0,0,0
2021/5/16,0,0,93,0,0,0,0,2,1,3,0,9,92,0,1,3,0,0,0,0,0,0,0
2021/5/17,0,1,158,0,0,0,0,6,2,2,0,5,148,0,1,10,0,0,1,0,0,0,0
2021/5/18,0,0,103,0,0,0,0,3,5,0,0,10,104,1,0,12,0,0,0,0,0,1,3
2021/5/19,0,5,70,2,0,0,0,5,8,3,0,28,130,2,0,15,0,0,0,0,0,0,6
2021/5/20,0,3,81,0,0,0,0,5,9,8,0,6,161,0,0,17,0,0,0,0,0,1,2
2021/5/21,1,6,125,0,0,0,0,8,3,2,1,5,147,0,0,11,0,0,0,0,0,1,4
2021/5/22,1,11,264,1,0,0,0,10,2,3,5,4,385,3,2,23,0,3,1,0,0,1,3
2021/5/23,8,5,164,2,0,1,1,5,3,7,8,11,207,2,1,24,0,1,0,0,0,2,0
2021/5/24,1,8,245,3,0,0,0,7,5,0,3,12,280,0,1,22,0,0,2,0,0,0,5
2021/5/25,2,10,196,4,2,0,0,12,2,8,4,12,249,4,1,23,0,1,2,0,0,1,3
2021/5/26,0,11,310,8,1,1,0,14,2,2,2,2,251,0,4,25,0,1,1,1,0,2,2
2021/5/27,1,10,223,1,4,3,0,18,4,10,3,13,327,1,5,23,0,6,1,2,0,1,14
2021/5/28,1,10,211,6,1,2,0,8,2,0,1,9,270,1,1,22,0,9,0,0,0,0,1
2021/5/29,0,33,169,0,5,0,4,14,7,5,0,2,218,1,2,18,0,4,3,0,0,1,1
2021/5/30,4,9,82,0,1,0,3,9,0,1,0,9,198,1,0,24,0,6,9,1,0,0,1
2021/5/31,0,5,121,0,0,0,0,3,4,0,0,10,172,2,1,27,1,1,3,0,0,0,1
2021/6/1,0,10,89,1,3,0,4,8,4,5,0,12,162,0,1,24,1,3,2,0,0,0,1
2021/6/2,1,3,146,2,4,0,0,18,0,0,0,10,314,1,2,28,0,1,12,0,0,0,5
2021/6/3,0,5,221,2,0,0,0,5,2,1,0,15,263,1,0,29,0,1,33,0,0,0,1
2021/6/4,2,7,145,0,0,0,1,6,2,1,1,6,231,1,1,12,0,1,40,0,0,1,1
2021/6/5,3,9,139,1,0,0,3,13,0,0,4,11,225,1,7,18,0,0,66,0,0,1,3
2021/6/6,0,2,65,2,0,1,0,3,0,9,0,3,140,0,3,16,0,0,71,0,0,3,3
2021/6/7,0,0,59,0,0,0,1,3,3,1,1,8,81,3,1,5,3,0,35,0,0,0,0
2021/6/8,0,1,54,1,0,0,0,8,0,0,0,2,123,1,0,13,0,0,16,0,0,0,0
2021/6/9,3,1,60,1,0,1,0,11,1,2,0,3,162,0,1,15,0,0,12,0,0,0,0
2021/6/10,2,0,57,1,1,0,0,13,3,1,0,10,110,1,2,14,0,7,43,0,0,0,0
2021/6/11,0,4,47,1,0,0,0,8,1,3,0,7,119,3,12,20,0,2,57,0,0,2,0
2021/6/12,0,2,67,0,0,0,0,16,1,1,0,2,132,2,1,10,0,3,11,0,0,1,1
2021/6/13,0,1,63,0,0,0,0,7,1,0,0,4,80,0,2,16,0,1,0,0,0,0,0
2021/6/14,0,1,40,0,0,0,0,15,0,2,0,3,98,0,3,10,0,4,7,0,0,1,0
2021/6/15,0,2,27,2,0,0,1,4,3,0,0,1,63,0,0,12,0,2,18,0,0,0,0
2021/6/16,0,1,51,0,0,0,0,2,3,0,0,0,65,0,4,13,0,8,21,0,0,0,1
2021/6/17,0,2,37,0,0,0,0,2,0,0,0,0,84,0,10,7,0,2,31,0,0,0,0
2021/6/18,0,2,71,0,0,0,0,4,1,0,0,0,75,0,1,6,0,1,25,0,0,0,0
2021/6/19,0,1,29,0,0,0,0,2,1,0,0,0,82,2,3,8,0,0,0,0,0,0,0
2021/6/20,0,6,32,0,0,0,0,1,2,0,0,1,44,0,4,16,0,0,3,0,0,0,0
2021/6/21,0,2,21,0,0,0,0,2,0,0,0,1,38,0,0,5,0,0,3,0,0,1,1
2021/6/22,2,1,24,0,0,0,0,2,1,0,0,1,44,0,1,1,0,0,1,0,0,0,0
2021/6/23,1,0,22,0,0,0,0,3,0,2,1,1,45,0,9,7,0,0,4,0,0,0,9
2021/6/24,2,0,35,0,0,0,0,9,1,0,6,0,53,0,5,8,0,0,5,0,0,0,6
2021/6/25,0,1,19,0,0,0,0,1,0,1,0,2,33,0,4,10,0,0,3,0,0,0,2
2021/6/26,0,0,30,0,0,0,0,3,2,0,3,1,36,0,1,3,0,0,1,0,0,0,0
2021/6/27,1,0,33,8,0,0,0,0,1,0,1,0,40,1,0,4,0,0,0,0,0,0,0
2021/6/28,1,0,22,0,0,0,0,1,1,0,0,1,32,0,0,1,0,0,0,0,0,0,0
2021/6/29,0,0,20,0,0,0,0,1,0,0,1,2,22,0,4,4,0,0,0,0,0,0,0
2021/6/30,0,0,20,0,0,0,0,0,1,0,1,0,25,0,0,5,0,0,2,0,0,0,2
2021/7/1,0,0,18,0,0,0,0,0,3,0,0,0,20,1,1,5,0,0,0,0,0,0,2
2021/7/2,0,2,29,0,0,0,0,3,1,0,0,0,15,1,4,3,0,0,0,0,0,0,0
2021/7/3,0,0,48,0,0,0,0,0,4,0,0,0,24,1,0,3,0,0,0,0,0,0,0
2021/7/4,0,0,17,0,0,0,0,0,5,0,0,3,11,0,0,3,0,0,0,0,0,0,0
2021/7/5,0,0,14,0,0,0,0,1,3,0,1,0,6,0,1,3,0,0,2,0,0,0,0
2021/7/6,0,0,13,0,0,0,0,0,2,0,1,1,12,0,0,0,0,0,0,0,0,0,0
2021/7/7,0,0,14,0,0,0,0,0,1,0,0,0,14,0,0,11,0,0,0,0,0,0,0
2021/7/8,0,0,12,0,0,0,0,0,3,0,0,0,6,0,0,0,0,0,0,0,0,0,0
2021/7/9,0,0,19,0,0,0,0,0,4,0,0,0,11,0,0,1,0,0,0,0,0,0,0
2021/7/10,0,0,12,0,0,0,0,1,2,0,0,0,14,0,0,4,0,0,0,0,0,0,0
2021/7/11,0,1,11,0,0,0,0,0,3,0,0,1,12,0,1,2,0,0,0,0,0,0,0
2021/7/12,0,1,9,0,0,0,0,1,1,0,0,0,10,1,0,1,0,0,0,0,0,0,0
2021/7/13,0,1,7,0,0,0,0,0,1,0,0,0,17,0,0,2,0,0,1,0,0,0,0
2021/7/14,0,2,9,0,0,0,0,0,11,0,0,0,2,0,0,3,0,0,0,0,0,0,0
2021/7/15,0,0,9,0,0,0,0,0,4,0,0,0,2,0,0,3,0,0,0,0,0,0,0
2021/7/16,0,0,13,0,0,0,0,0,3,1,0,1,12,0,0,2,0,0,0,0,0,0,0
2021/7/17,0,1,1,0,0,0,0,0,4,0,0,0,5,0,0,1,0,0,0,0,0,0,0
2021/7/18,0,0,5,0,0,0,0,0,3,0,0,0,7,0,0,3,0,0,0,0,0,0,0
2021/7/19,0,0,1,0,0,0,0,0,6,0,0,0,11,0,0,3,0,0,0,0,0,0,0
2021/7/20,0,0,7,0,0,0,0,3,6,0,0,0,6,0,0,2,0,0,0,0,0,0,0
2021/7/21,0,0,20,0,0,0,0,0,12,0,0,0,13,1,0,11,0,0,0,0,0,0,0
2021/7/22,0,0,4,0,0,0,0,0,1,1,0,0,13,0,0,4,0,0,0,0,0,0,1
2021/7/23,0,1,7,0,0,0,0,1,1,0,0,2,9,0,0,3,0,0,1,0,0,0,0
2021/7/24,0,0,7,0,0,0,0,0,1,0,0,0,5,0,0,0,0,0,0,0,0,0,0
2021/7/25,0,0,4,0,0,0,0,0,1,0,0,0,3,0,0,3,0,0,0,0,0,0,0
2021/7/26,0,0,4,0,0,0,0,0,1,0,0,0,5,0,1,6,0,0,0,0,0,0,0
2021/7/27,0,0,6,0,0,0,0,0,2,0,0,0,8,0,0,3,0,0,0,0,0,0,1
2021/7/28,0,0,6,0,0,1,0,0,2,0,0,0,6,0,0,1,0,0,0,0,0,0,2
2021/7/29,0,0,7,0,0,0,9,0,4,0,0,0,4,0,0,0,0,0,0,0,0,0,1
2021/7/30,0,0,4,0,0,0,1,0,1,0,0,0,6,0,0,0,0,0,0,0,0,0,0
2021/7/31,0,1,4,0,0,0,0,0,2,0,0,0,6,0,0,1,0,0,0,0,0,0,0
2021/8/1,0,0,2,0,0,0,0,1,2,0,0,0,3,0,0,5,0,0,0,0,0,0,1
2021/8/2,0,0,4,0,0,0,2,0,3,0,0,0,10,0,0,0,0,0,0,0,0,0,0
2021/8/3,0,0,5,0,0,0,0,0,1,0,0,0,14,0,0,1,0,0,0,0,0,0,0
2021/8/4,0,0,1,0,0,0,0,0,5,0,0,0,4,0,0,1,0,0,0,0,0,0,0
2021/8/5,0,0,3,0,0,0,2,0,2,0,0,1,4,0,0,0,0,0,0,0,0,0,0
2021/8/6,0,0,1,0,0,0,0,0,4,0,0,0,4,0,0,1,0,0,0,0,0,0,0
2021/8/7,0,0,2,0,0,0,0,0,3,0,0,0,1,0,0,1,0,0,0,0,0,0,0
2021/8/8,0,0,2,0,0,0,0,0,4,0,0,0,1,0,0,0,0,0,0,0,0,0,1
2021/8/9,0,0,0,0,0,0,0,0,5,0,0,0,3,0,0,0,0,0,0,0,0,0,0
2021/8/10,0,0,4,0,0,0,0,2,4,0,0,0,6,0,0,0,0,0,0,0,0,0,0
2021/8/11,0,0,3,0,0,0,0,0,2,0,0,0,1,0,0,0,0,0,0,0,0,0,0
2021/8/12,0,0,2,0,0,0,0,0,14,0,0,0,0,0,0,0,0,0,0,0,0,0,2
2021/8/13,0,0,1,0,0,0,0,0,4,0,0,0,2,0,0,0,0,0,0,0,0,0,0
2021/8/14,0,0,1,0,0,0,0,0,7,0,0,0,1,0,0,0,0,0,0,0,0,0,0
2021/8/15,0,0,1,0,0,0,0,0,2,0,0,0,6,0,0,1,0,0,0,0,0,0,0
2021/8/16,0,0,2,0,0,0,0,0,14,0,0,0,2,0,0,0,0,0,0,0,0,0,0
2021/8/17,0,0,4,0,0,0,0,0,5,0,0,0,2,0,0,0,0,0,0,0,0,0,0
2021/8/18,0,0,0,0,0,0,0,0,5,0,0,0,1,0,0,0,0,0,0,0,0,0,0
2021/8/19,0,0,2,0,0,0,0,0,3,0,0,1,3,0,0,0,0,0,0,0,0,0,0
2021/8/20,0,0,0,0,0,0,0,0,8,0,0,0,2,0,0,0,0,0,0,0,0,0,0
2021/8/21,0,0,3,0,0,0,0,0,4,0,0,0,1,0,0,1,0,0,0,0,0,1,0
2021/8/22,0,0,0,0,0,0,0,0,2,0,0,0,4,0,0,0,0,0,0,0,0,0,0
2021/8/23,0,0,0,0,0,0,0,0,5,0,0,0,1,0,0,0,0,0,0,0,0,0,0
2021/8/24,0,0,0,0,0,0,0,0,1,0,0,0,0,0,0,0,0,0,0,0,0,0,0
2021/8/25,0,0,1,0,0,0,0,0,6,0,0,0,1,0,0,0,0,0,0,0,0,0,0
2021/8/26,0,0,0,0,0,0,0,0,7,0,0,0,0,0,0,0,0,0,0,0,0,0,0
2021/8/27,0,0,0,0,0,0,0,0,6,0,0,0,0,0,0,0,0,0,0,0,0,0,0
2021/8/28,0,0,1,0,0,0,0,0,11,0,0,0,11,0,0,0,0,0,0,0,0,0,0
2021/8/29,0,0,0,0,0,0,0,0,5,0,0,0,3,0,0,0,0,0,0,0,0,0,0
2021/8/30,0,0,1,0,0,0,0,0,1,0,0,0,2,0,0,0,0,0,0,0,0,0,0
2021/8/31,0,0,1,0,0,0,0,0,5,0,0,0,0,0,0,0,0,0,0,0,0,0,0
2021/9/1,0,0,1,0,0,0,0,0,4,0,0,0,0,0,0,0,0,0,0,0,0,0,0
2021/9/2,0,0,0,0,0,0,0,0,4,0,0,0,1,0,0,1,0,0,0,0,0,0,0
2021/9/3,0,0,0,0,0,0,0,0,1,0,0,0,0,0,0,0,0,0,0,0,0,0,0
2021/9/4,0,0,0,0,0,0,0,0,4,0,0,0,2,0,0,0,0,0,0,0,0,0,0
2021/9/5,0,0,0,0,0,0,0,0,7,0,0,0,9,0,0,0,0,0,0,0,0,0,0
2021/9/6,0,0,1,0,0,0,0,0,4,0,0,0,7,0,0,0,0,0,0,0,0,0,0
2021/9/7,0,0,0,0,0,0,0,0,2,0,0,0,7,0,0,0,0,0,0,0,0,0,0
2021/9/8,0,0,2,0,0,0,0,0,2,0,0,0,2,0,0,0,0,0,0,0,0,0,0
2021/9/9,0,0,1,0,0,0,0,0,5,0,0,0,1,0,0,0,0,0,0,0,0,0,0
2021/9/10,0,0,0,0,0,0,0,0,5,0,0,0,0,0,0,0,0,0,0,0,0,0,0
2021/9/11,0,0,1,0,0,0,0,0,11,0,0,0,1,0,0,1,0,0,0,0,0,0,0
2021/9/12,0,0,0,0,0,0,0,0,3,0,0,0,1,0,0,1,0,0,0,0,0,0,0
2021/9/13,0,0,0,0,0,0,0,0,3,0,0,0,2,0,0,0,0,0,0,0,0,0,0
2021/9/14,0,0,0,0,0,0,0,0,4,0,0,0,0,0,0,1,0,0,0,0,0,0,0
2021/9/15,0,0,0,0,0,0,0,0,10,0,0,0,2,0,0,0,0,0,0,0,0,0,0
2021/9/16,0,0,2,0,0,0,0,0,6,0,0,0,0,0,0,0,0,0,0,0,0,0,0
2021/9/17,0,0,0,0,0,0,0,0,6,0,0,0,0,0,0,0,0,0,0,0,0,0,0
2021/9/18,0,0,1,0,0,0,0,0,11,0,0,0,0,0,0,0,0,0,0,0,0,0,0
2021/9/19,0,0,1,0,0,0,0,0,5,0,0,0,0,0,0,0,0,0,0,0,0,0,0
2021/9/20,0,0,0,0,0,0,0,0,5,0,0,0,0,0,0,0,0,0,0,0,0,0,0
2021/9/21,0,0,0,0,0,0,0,0,6,0,0,0,1,0,0,0,0,0,0,0,0,0,0
2021/9/22,0,0,0,0,0,0,0,0,9,0,0,0,0,0,0,0,0,0,0,0,0,0,0
2021/9/23,0,0,0,0,0,0,0,0,7,0,0,0,1,0,0,0,0,0,0,0,0,0,0
2021/9/24,0,0,0,0,0,0,0,0,5,0,0,0,0,0,0,0,0,0,0,0,0,0,0
2021/9/25,0,0,0,0,0,0,0,0,8,0,0,0,0,0,0,0,0,0,0,0,0,0,0
2021/9/26,0,0,0,0,0,0,0,0,9,0,0,0,0,0,0,0,0,0,0,0,0,0,0
2021/9/27,0,0,1,0,0,0,0,0,6,0,0,0,0,0,0,0,0,0,0,0,0,0,0
2021/9/28,0,0,0,0,0,0,0,0,10,0,0,0,1,0,0,0,0,0,0,0,0,0,0
2021/9/29,0,0,0,0,0,0,0,0,7,0,0,0,0,0,0,0,0,0,0,0,0,0,0
2021/9/30,0,0,0,0,0,0,0,0,11,0,0,0,0,0,0,0,0,0,0,0,0,0,0
2021/10/1,0,0,0,0,0,0,0,0,10,0,0,0,0,0,0,0,0,0,0,0,0,0,0
2021/10/2,0,0,0,0,0,0,0,0,6,0,0,0,0,0,0,0,0,0,0,0,0,0,0
2021/10/3,0,0,0,0,0,0,0,0,5,0,0,0,0,0,0,0,0,0,0,0,0,0,0
2021/10/4,0,0,0,0,0,0,0,0,7,0,0,0,0,0,0,0,0,0,0,0,0,0,0
2021/10/5,0,0,0,0,0,0,0,0,5,0,0,0,0,0,0,0,0,0,0,0,0,0,0
2021/10/6,0,0,0,0,0,0,0,0,4,0,0,0,0,0,0,0,0,0,0,0,0,0,0
2021/10/7,0,0,0,0,0,0,0,0,12,0,0,0,0,0,0,0,0,0,0,0,0,0,0
2021/10/8,0,0,1,0,0,0,0,0,3,0,0,0,0,0,0,0,0,0,0,0,0,0,0
2021/10/9,0,0,0,0,0,0,0,0,7,0,0,0,0,0,0,0,0,0,0,0,0,0,0
2021/10/10,0,0,0,0,0,0,0,0,10,0,0,0,1,0,0,0,0,0,0,0,0,0,0
2021/10/11,0,0,0,0,0,0,0,0,4,0,0,0,0,0,0,0,0,0,0,0,0,0,0
2021/10/12,0,0,0,0,0,0,0,0,4,0,0,0,0,0,0,0,0,0,0,0,0,0,0
2021/10/13,0,0,0,0,0,0,0,0,8,0,0,0,0,0,0,0,0,0,0,0,0,0,0
2021/10/14,0,0,0,0,0,0,0,0,4,0,0,0,0,0,0,0,0,0,0,0,0,0,0
2021/10/15,0,0,0,0,0,0,0,0,10,0,0,0,1,0,0,0,0,0,0,0,0,0,0
2021/10/16,0,0,0,0,0,0,0,0,1,0,0,0,0,0,0,0,0,0,0,0,0,0,0
2021/10/18,0,0,0,0,0,0,0,0,5,0,0,0,1,0,0,0,0,0,0,0,0,0,0
2021/10/19,0,0,0,0,0,0,0,0,4,0,0,0,0,0,0,0,0,0,0,0,0,0,0
2021/10/20,0,0,0,0,0,0,0,0,2,0,0,0,0,0,0,0,0,0,0,0,0,0,0
2021/10/21,0,0,0,0,0,0,0,2,6,0,0,0,0,0,0,0,0,0,0,0,0,0,0
2021/10/22,0,0,0,0,0,0,0,0,7,0,0,0,0,0,0,0,0,0,0,0,0,0,0
2021/10/23,0,0,0,0,0,0,0,0,4,0,0,0,0,0,0,0,0,0,0,0,0,0,0
2021/10/24,0,0,1,0,0,0,0,0,6,0,0,0,1,0,0,0,0,0,0,0,0,0,0
2021/10/25,0,0,0,0,0,0,0,0,4,0,0,0,0,0,0,0,0,0,0,0,0,0,0
2021/10/26,0,0,0,0,0,0,0,0,8,0,0,0,0,0,0,0,0,0,0,0,0,0,0
2021/10/27,0,0,0,0,0,0,0,0,6,0,0,0,0,0,0,0,0,0,0,0,0,0,0
2021/10/28,0,0,0,0,0,0,0,0,5,0,0,0,0,0,0,0,0,0,0,0,0,0,0
2021/10/29,0,0,0,0,0,0,0,0,7,0,0,0,0,0,0,0,0,0,0,0,0,0,0
2021/10/30,0,0,0,0,0,0,0,0,6,0,0,0,0,0,0,0,0,0,0,0,0,0,0
2021/10/31,0,0,0,0,0,0,0,0,5,0,0,0,0,0,0,0,0,0,0,0,0,0,0
2021/11/1,0,0,0,0,0,0,0,0,4,0,0,0,0,0,0,0,0,0,0,0,0,0,0
2021/11/2,0,0,0,0,0,0,0,0,7,0,0,0,0,0,0,0,0,0,0,0,0,0,0
2021/11/3,0,0,1,0,0,0,0,0,1,0,0,0,0,0,0,0,0,0,0,0,0,0,0
2021/11/4,0,0,0,0,0,0,0,0,6,0,0,0,0,0,0,0,0,0,0,0,0,0,0
2021/11/5,0,0,0,0,0,0,0,0,2,0,0,0,0,0,0,0,0,0,0,0,0,0,0
2021/11/6,0,0,0,0,0,0,0,0,4,0,0,0,0,0,0,0,0,0,0,0,0,0,0
2021/11/7,0,0,0,0,0,0,0,0,3,0,0,0,0,0,0,0,0,0,0,0,0,0,0
2021/11/8,0,0,0,0,0,0,0,0,6,0,0,0,0,0,0,0,0,0,0,0,0,0,0
2021/11/9,0,0,0,0,0,0,0,0,5,0,0,0,0,0,0,0,0,0,0,0,0,0,0
2021/11/10,0,0,0,0,0,0,0,0,9,0,0,0,0,0,0,0,0,0,0,0,0,0,0
2021/11/11,0,0,0,0,0,0,0,0,10,0,0,0,0,0,0,0,0,0,0,0,0,0,0
2021/11/12,0,0,0,0,0,0,0,0,4,0,0,0,0,0,0,0,0,0,0,0,0,0,0
2021/11/13,0,0,0,0,0,0,0,0,8,0,0,0,0,0,0,0,0,0,0,0,0,0,0
2021/11/14,0,0,0,0,0,0,0,0,9,0,0,0,0,0,0,0,0,0,0,0,0,0,0
2021/11/15,0,0,0,0,0,0,0,0,2,0,0,0,0,0,0,0,0,0,0,0,0,0,0
2021/11/16,0,0,0,0,0,0,0,0,5,0,0,0,0,0,0,0,0,0,0,0,0,0,0
2021/11/17,0,0,0,0,0,0,0,0,3,0,0,0,0,0,0,0,0,0,0,0,0,0,0
2021/11/18,0,0,0,0,0,0,0,0,10,0,0,0,0,0,0,0,0,0,0,0,0,0,0
2021/11/19,0,0,0,0,0,0,0,0,4,0,0,0,0,0,0,0,0,0,0,0,0,0,0
2021/11/20,0,0,0,0,0,0,0,0,9,0,0,0,0,0,0,0,0,0,0,0,0,0,0
2021/11/21,0,0,0,0,0,0,0,0,3,0,0,0,0,0,0,0,0,0,0,0,0,0,0
2021/11/22,0,0,0,0,0,0,0,0,7,0,0,0,0,0,0,0,0,0,0,0,0,0,0
2021/11/23,0,0,0,0,0,0,0,0,5,0,0,0,0,0,0,0,0,0,0,0,0,0,0
2021/11/24,0,0,0,0,0,0,0,0,10,0,0,0,0,0,0,0,0,0,0,0,0,0,0
2021/11/25,0,0,0,0,0,0,0,0,12,0,0,0,0,0,0,0,0,0,0,0,0,0,0
2021/11/26,0,0,0,0,0,0,0,0,12,0,0,0,0,0,0,0,0,0,0,0,0,0,0
2021/11/27,0,0,0,0,0,0,0,0,10,0,0,0,0,0,0,0,0,0,0,0,0,0,0
2021/11/28,0,0,0,0,0,0,0,0,8,0,0,0,0,0,0,0,0,0,0,0,0,0,0
2021/11/29,0,0,0,0,0,0,0,0,5,0,0,0,0,0,0,0,0,0,0,0,0,0,0
2021/11/30,0,0,0,0,0,0,0,0,8,0,0,0,0,0,0,0,0,0,0,0,0,0,0
2021/12/1,0,0,0,0,0,0,0,0,17,0,0,0,0,0,0,0,0,0,0,0,0,0,0
2021/12/2,0,0,0,0,0,0,0,0,11,0,0,0,0,0,0,0,0,0,0,0,0,0,0
2021/12/3,0,0,0,0,0,0,0,0,11,0,0,0,0,0,0,0,0,0,0,0,0,0,0
2021/12/4,0,0,0,0,0,0,0,0,4,0,0,0,0,0,0,0,0,0,0,0,0,0,0
2021/12/5,0,0,0,0,0,0,0,0,10,0,0,0,0,0,0,0,0,0,0,0,0,0,0
2021/12/6,0,0,0,0,0,0,0,0,21,0,0,0,0,0,0,0,0,0,0,0,0,0,0
2021/12/7,0,0,0,0,0,0,0,0,5,0,0,0,0,0,0,0,0,0,0,0,0,0,0
2021/12/8,0,0,0,0,0,0,0,0,16,0,0,0,0,0,0,0,0,0,0,0,0,0,0
2021/12/9,0,0,0,0,0,0,0,0,15,0,0,0,2,0,0,0,0,0,0,0,0,0,0
2021/12/10,0,0,0,0,0,0,0,0,9,0,0,0,0,0,0,1,0,0,0,0,0,0,0
2021/12/11,0,0,0,0,0,0,0,0,6,0,0,0,0,0,0,0,0,0,0,0,0,0,0
2021/12/12,0,0,0,0,0,0,0,0,4,0,0,0,0,0,0,1,0,0,0,0,0,0,0
2021/12/13,0,0,0,0,0,0,0,0,7,1,0,0,1,0,0,1,0,0,0,0,0,0,0
2021/12/14,0,0,0,0,0,0,0,0,5,0,0,0,0,0,0,1,0,0,0,0,0,0,0
2021/12/15,0,0,1,0,0,0,0,0,12,0,0,0,0,0,0,0,0,0,0,0,0,0,0
2021/12/16,0,0,0,0,0,0,0,0,15,0,0,0,0,0,0,0,0,0,0,0,0,0,0
2021/12/17,0,0,0,0,0,0,0,0,13,0,0,0,0,0,0,0,0,0,0,0,0,0,0
2021/12/18,0,0,0,0,0,0,0,0,6,0,0,0,0,0,0,0,0,0,0,0,0,0,0
2021/12/19,0,0,0,0,0,0,0,0,11,0,0,0,0,0,0,0,0,0,0,0,0,0,0
2021/12/20,0,0,0,0,0,0,0,0,10,0,0,0,0,0,0,0,0,0,0,0,0,0,0
2021/12/21,0,0,0,0,0,0,0,0,14,0,0,0,0,0,0,0,0,0,0,0,0,0,0
2021/12/22,0,0,0,0,0,0,0,0,13,0,0,0,0,0,0,0,0,0,0,0,0,0,0
2021/12/23,0,0,0,0,0,0,0,0,20,0,0,0,0,0,0,0,0,0,0,0,0,0,0
2021/12/24,0,0,0,0,0,0,0,0,18,0,0,0,0,0,0,0,0,0,0,0,0,0,0
2021/12/25,0,0,0,0,0,0,0,0,23,0,0,0,1,0,0,0,0,0,0,0,0,0,0
2021/12/26,0,0,0,0,0,0,0,0,16,0,0,0,0,0,0,0,0,0,0,0,0,0,0
2021/12/27,0,0,0,0,0,0,0,0,18,0,0,0,1,0,0,0,0,0,0,0,0,0,0
2021/12/28,0,0,0,0,0,0,0,0,14,0,0,0,0,0,0,0,0,0,0,0,0,0,0
2021/12/29,0,0,0,0,0,0,0,0,23,0,0,0,0,0,0,0,0,0,0,0,0,0,0
2021/12/30,0,0,2,0,0,0,0,0,40,0,0,0,0,0,0,0,0,0,0,0,0,0,0
2021/12/31,0,0,0,0,0,0,0,0,21,0,0,0,0,0,0,0,0,0,0,0,0,0,0
2022/1/1,0,0,0,0,0,0,0,0,19,0,0,0,0,0,0,0,0,0,0,0,0,0,0
2022/1/2,0,0,1,0,0,0,0,0,25,0,0,0,0,0,0,0,0,0,0,0,0,0,0
2022/1/3,0,0,0,0,0,0,0,0,30,0,0,0,0,0,0,1,0,0,0,0,0,0,0
2022/1/4,0,0,0,0,0,0,0,1,25,0,0,0,0,0,0,2,0,0,0,0,0,0,0
2022/1/5,0,0,1,0,0,0,0,0,37,0,0,0,1,0,0,3,0,0,0,0,0,0,0
2022/1/6,0,0,0,0,0,0,0,0,58,0,0,0,0,0,0,4,0,0,0,0,0,0,0
2022/1/7,0,0,0,0,0,0,0,0,42,0,0,0,1,0,0,1,0,0,0,0,0,0,0
2022/1/8,0,0,1,0,0,0,0,0,48,0,0,0,0,0,0,6,0,0,0,0,0,0,0
2022/1/9,0,0,0,0,0,0,0,0,26,0,0,0,0,0,0,7,0,0,0,0,0,0,0
2022/1/10,0,0,1,0,0,0,0,0,58,0,0,0,0,0,0,7,0,0,0,0,0,0,0
2022/1/11,0,0,1,0,0,0,0,0,51,0,0,0,2,0,0,5,0,0,0,0,0,0,0
2022/1/12,0,0,0,0,0,0,0,0,83,0,0,0,1,0,0,12,0,0,0,0,0,0,0
2022/1/13,0,0,0,0,0,0,0,0,51,0,0,0,1,0,0,8,0,0,0,0,0,0,0
2022/1/14,0,0,1,0,0,0,0,0,68,0,0,0,0,0,0,6,0,0,0,0,0,0,0
2022/1/15,0,0,0,0,0,0,0,0,49,0,0,0,0,0,0,7,0,0,0,0,0,0,0
2022/1/16,0,0,1,0,0,0,0,0,45,0,0,0,2,0,2,12,0,0,0,0,0,0,0
2022/1/17,0,0,0,0,0,0,0,1,53,0,0,0,0,0,0,6,0,0,0,0,0,0,0
2022/1/18,0,0,0,0,0,0,0,0,37,0,0,0,1,5,0,13,0,0,0,0,0,0,0
2022/1/19,0,0,0,0,0,0,0,0,35,0,0,0,1,0,0,11,0,0,0,0,0,0,0
2022/1/20,0,0,2,0,0,0,0,0,35,0,0,0,0,0,0,7,0,0,0,0,0,0,5
2022/1/21,0,0,1,0,0,0,0,0,49,0,0,0,1,0,0,48,0,0,0,0,0,0,13
2022/1/22,0,0,2,0,0,0,0,0,40,0,0,0,1,0,0,26,0,0,0,0,0,0,20
2022/1/23,0,0,2,0,0,0,0,0,39,3,0,0,0,1,3,23,0,0,0,0,0,0,5
2022/1/24,0,0,0,1,0,0,0,0,27,2,0,0,1,0,0,7,0,0,0,0,0,0,7
2022/1/25,0,0,2,2,0,0,0,0,33,0,0,0,2,0,0,16,0,0,0,0,0,0,11
2022/1/26,0,0,1,0,0,0,0,0,54,0,0,0,1,0,0,24,0,0,0,0,0,0,6
2022/1/27,0,2,5,1,0,0,0,0,47,0,0,0,1,0,0,11,0,0,0,0,0,0,8
2022/1/28,0,0,1,0,0,0,0,0,27,1,0,0,0,0,0,10,0,0,0,0,0,0,7
2022/1/29,0,0,0,0,0,0,0,0,38,0,1,0,1,0,0,9,0,0,0,0,0,0,5
2022/1/30,0,0,1,0,0,0,0,0,36,0,0,0,1,0,0,6,0,0,0,0,0,0,9
2022/1/31,0,0,0,0,0,0,0,0,48,0,0,0,0,0,0,6,0,0,0,0,0,0,9
2022/2/1,0,0,1,0,0,0,0,0,21,0,0,0,0,0,0,3,0,0,0,0,0,0,8
2022/2/2,0,0,0,0,0,0,0,0,49,0,0,0,1,0,0,14,0,0,0,0,0,0,15
2022/2/3,0,0,1,0,0,0,0,0,31,0,0,0,3,0,0,4,0,0,0,0,0,0,8
2022/2/4,0,0,1,0,0,0,0,0,38,0,0,0,0,0,0,13,0,0,0,0,0,0,15
2022/2/5,0,0,0,0,0,0,0,0,33,0,0,0,3,0,0,23,0,0,0,0,0,0,3
2022/2/6,0,0,0,0,0,0,0,0,35,0,0,0,1,0,0,7,0,0,0,0,0,0,1
2022/2/7,0,0,6,0,0,0,0,0,36,0,0,0,1,0,0,1,0,0,1,0,0,0,0
2022/2/8,0,0,1,0,0,0,0,0,28,0,0,0,7,0,0,13,0,0,1,0,0,0,5
2022/2/9,0,0,0,0,0,0,0,0,56,0,3,1,3,0,0,10,0,0,0,0,0,0,4
2022/2/10,0,0,0,0,0,0,0,0,51,0,0,0,17,0,0,3,0,0,0,0,0,0,8
2022/2/11,0,0,0,1,0,0,0,0,52,0,0,0,0,0,0,4,0,0,1,0,0,0,5
2022/2/12,0,0,0,0,0,0,0,0,50,0,0,0,2,0,1,1,0,0,4,0,0,0,0
2022/2/13,0,0,0,0,0,0,0,0,38,0,0,0,5,0,0,1,0,0,2,0,0,0,1
2022/2/14,0,0,0,0,0,0,0,0,56,0,0,0,0,0,0,2,0,0,0,0,0,0,2
2022/2/15,0,0,1,0,0,0,0,0,41,0,0,0,5,0,0,1,0,0,0,0,0,0,5
2022/2/16,0,0,3,1,0,0,0,0,43,0,0,0,4,0,0,1,0,0,2,0,0,0,2
2022/2/17,0,0,1,2,0,0,0,0,62,0,0,0,6,0,0,0,0,0,0,0,0,0,3
2022/2/18,0,0,5,0,0,0,0,0,53,1,0,0,8,0,0,0,0,0,0,0,0,0,0
2022/2/19,0,0,2,1,0,0,0,0,80,0,0,0,4,0,0,0,0,0,3,0,0,0,0
2022/2/20,0,0,1,1,0,0,0,0,35,0,0,0,0,0,0,2,0,0,0,0,0,0,1
2022/2/21,0,0,0,1,0,0,0,0,55,0,0,0,2,0,0,0,0,0,0,0,0,0,0
2022/2/22,0,0,0,0,0,0,0,0,30,0,0,0,5,0,0,0,0,0,0,0,0,0,0
2022/2/23,0,0,1,0,0,0,0,0,77,0,0,0,2,0,1,0,0,0,0,0,0,0,1
2022/2/24,0,1,0,0,0,0,0,0,73,1,0,0,1,0,2,0,0,0,0,0,0,0,0
2022/2/25,0,0,1,0,0,0,0,0,56,0,0,0,1,0,0,0,0,0,0,0,0,0,0
2022/2/26,0,0,0,0,0,0,0,0,55,1,0,0,1,0,0,3,0,0,0,0,0,0,0
2022/2/27,0,0,0,1,0,0,0,0,27,0,0,0,4,0,0,12,0,0,0,0,0,0,0
2022/2/28,0,0,1,0,0,0,0,0,63,0,0,0,1,0,0,9,0,0,0,0,0,0,0
2022/3/1,0,0,0,0,0,0,0,0,42,0,0,0,0,0,0,2,0,0,0,0,0,0,0
2022/3/2,0,0,0,0,0,0,0,0,60,0,0,2,1,0,0,2,0,0,0,0,0,0,0
2022/3/3,0,0,0,0,0,0,0,0,61,0,0,0,0,0,0,1,0,0,0,0,0,0,1
2022/3/4,0,0,0,1,0,0,0,0,73,0,0,0,0,0,0,3,0,0,0,0,0,0,3
2022/3/5,0,0,0,0,0,0,0,0,51,0,0,0,1,0,0,0,0,0,0,0,0,0,1
2022/3/6,0,0,0,4,0,0,0,0,27,0,0,0,0,0,0,0,0,0,0,0,0,0,0
2022/3/7,0,0,0,4,0,0,0,0,42,2,0,0,0,0,0,0,0,0,0,0,0,0,1
2022/3/8,0,0,0,2,0,0,0,0,48,0,0,0,0,0,0,0,0,0,0,0,0,0,2
2022/3/9,0,0,0,0,0,0,0,0,86,0,0,0,0,0,0,0,0,0,0,0,0,0,0
2022/3/10,0,0,0,3,0,0,0,0,87,0,0,0,1,0,0,0,0,0,0,0,0,0,0
2022/3/11,0,0,2,1,0,0,0,0,59,0,0,0,0,0,0,0,0,0,0,0,0,0,0
2022/3/12,0,0,2,3,0,0,0,0,60,0,0,0,0,0,0,0,0,0,0,0,0,0,0
2022/3/13,0,0,0,1,0,0,0,0,61,0,0,0,2,0,0,1,0,0,0,0,0,0,0
2022/3/14,0,0,0,0,0,0,0,1,66,0,0,0,0,0,0,0,0,0,0,0,0,0,0
2022/3/15,0,0,0,0,0,0,0,0,70,0,0,0,0,0,0,2,0,0,0,0,0,0,0
2022/3/16,0,0,0,0,0,0,0,0,84,0,0,0,0,0,0,1,0,0,0,0,0,0,0
2022/3/17,0,0,0,0,0,0,0,0,79,0,0,0,0,0,0,0,0,0,0,0,0,0,0
2022/3/18,0,0,1,0,0,1,0,0,115,0,0,0,0,0,0,0,0,0,0,0,0,0,0
2022/3/19,0,0,0,0,0,1,3,0,118,0,0,0,0,0,0,3,0,0,0,0,0,0,0
2022/3/20,0,0,1,2,0,2,1,0,81,0,0,0,3,0,0,0,0,0,0,0,0,0,0
2022/3/21,0,0,1,1,0,0,1,0,95,0,0,0,0,0,0,0,0,0,0,0,0,4,0
2022/3/22,0,0,3,0,0,0,1,0,90,0,0,0,0,0,0,0,0,0,0,0,0,0,0
2022/3/23,0,0,1,0,0,0,0,0,115,0,0,0,1,0,0,0,0,0,0,0,0,2,1
2022/3/24,0,0,0,1,0,0,0,0,125,0,0,0,1,0,0,0,0,0,0,0,0,0,11
2022/3/25,0,0,0,0,0,0,0,4,87,0,0,0,11,0,0,0,0,0,0,0,0,0,4
2022/3/26,0,0,0,0,0,0,0,15,129,0,0,0,14,0,0,1,0,0,0,0,0,0,1
2022/3/27,0,0,1,0,6,0,0,7,65,0,0,0,8,2,54,2,0,0,0,0,0,0,3
2022/3/28,0,0,5,0,3,0,0,15,99,0,0,2,10,0,4,4,0,0,0,0,0,0,2
2022/3/29,0,0,1,0,1,0,0,8,68,0,0,0,10,1,0,5,0,0,0,0,0,0,3
2022/3/30,0,0,7,0,7,0,0,33,162,0,0,0,16,2,2,14,0,0,0,0,0,0,2
2022/3/31,0,2,10,0,0,0,0,18,119,3,0,4,35,0,1,23,0,4,0,0,1,0,4
2022/4/1,0,2,19,0,1,0,0,35,144,5,0,3,51,1,2,22,0,4,0,0,1,0,6
2022/4/2,0,3,13,0,0,0,0,41,218,8,4,0,82,2,8,25,0,2,0,0,0,0,6
2022/4/3,0,1,22,0,0,0,0,33,129,5,1,0,43,2,11,16,0,2,0,0,1,0,1
2022/4/4,0,4,29,0,0,0,0,31,83,3,0,2,91,7,11,13,0,11,0,0,0,0,5
2022/4/5,0,2,41,4,1,0,2,28,82,5,1,3,95,8,14,10,0,5,1,0,0,0,34
2022/4/6,0,5,83,5,1,0,7,38,123,2,4,1,114,4,8,34,0,19,0,0,1,3,36
2022/4/7,0,5,61,7,1,0,1,31,115,5,6,1,156,5,10,30,0,25,3,0,0,3,50
2022/4/8,0,7,74,6,0,2,7,40,111,6,9,3,139,3,6,41,0,20,3,0,0,1,30
2022/4/9,2,7,67,17,0,6,3,28,182,15,22,0,125,6,14,42,0,13,0,0,0,2,25
2022/4/10,0,9,97,4,2,1,5,35,136,12,18,3,173,10,13,36,0,24,4,0,0,6,30
2022/4/11,1,21,101,9,1,0,4,38,179,9,12,3,154,6,16,30,0,28,2,0,0,2,49
2022/4/12,1,26,142,11,2,3,3,57,165,11,19,7,254,15,22,75,0,44,3,0,0,1,63
2022/4/13,2,26,147,18,3,2,1,59,101,14,4,2,360,9,21,94,0,54,3,0,1,0,45
2022/4/14,2,31,145,20,20,2,3,45,97,35,19,4,344,15,14,153,0,143,7,0,0,3,50
2022/4/15,4,38,185,32,11,1,1,93,68,39,15,16,407,15,15,264,0,56,17,0,0,3,58
2022/4/16,3,24,222,11,18,2,1,102,187,54,15,7,421,9,7,193,0,121,5,0,0,7,41
2022/4/17,7,40,246,18,16,0,10,106,81,57,18,4,517,15,15,187,1,57,6,0,0,5,26
2022/4/18,2,50,284,41,6,2,3,162,56,64,17,8,559,23,17,199,1,73,11,3,0,7,50
2022/4/19,15,69,399,33,5,3,0,193,125,85,26,17,772,21,26,348,1,88,12,3,0,15,106
2022/4/20,10,134,618,33,24,6,4,204,74,79,36,35,"1,015",24,39,394,0,90,16,2,0,39,68
2022/4/21,10,177,753,62,38,2,5,258,126,87,20,50,"1,298",25,46,396,2,100,27,1,5,52,121
2022/4/22,22,187,831,44,26,8,7,221,99,96,27,32,"1,511",36,64,704,1,129,30,1,2,50,96
2022/4/23,11,154,980,42,36,18,13,292,113,119,36,48,"1,742",44,54,992,1,171,20,2,5,28,135
2022/4/24,17,193,999,70,25,9,13,364,90,320,36,50,"2,066",43,73,797,1,162,27,2,1,27,153
2022/4/25,13,284,"1,471",89,40,7,28,425,72,127,76,81,"2,268",62,102,"1,164",3,215,34,0,9,29,198
2022/4/26,32,356,"1,811",169,20,14,24,476,105,130,63,89,"3,329",82,110,"1,446",11,248,54,3,11,60,269
2022/4/27,43,629,"2,335",183,74,24,28,493,165,167,96,88,"4,651",105,118,"1,480",4,308,59,6,3,78,343
2022/4/28,56,590,"2,570",217,52,35,25,600,129,160,112,179,"4,272",100,162,"1,996",7,278,58,4,3,89,393
2022/4/29,47,764,"3,002",253,51,36,79,718,250,291,129,137,"5,945",117,184,"2,213",5,334,82,5,15,138,469
2022/4/30,72,822,"3,983",289,72,30,44,816,202,301,188,198,"6,059",148,184,"2,758",9,276,78,3,13,144,443
2022/5/1,79,849,"3,459",375,81,66,78,884,59,378,273,192,"7,235",73,222,"2,740",14,392,92,5,12,138,681
2022/5/2,61,"1,207","4,412",451,94,78,89,"1,217",45,392,275,198,"8,539",157,317,"3,431",14,422,142,8,5,238,818
2022/5/3,124,"1,711","5,098",739,111,79,138,"1,008",54,467,412,295,"10,632",181,524,"4,811",23,434,197,6,11,244,"1,043"
2022/5/4,148,"1,842","6,040",771,128,97,122,924,75,623,408,344,"10,637",200,558,"4,899",30,559,183,3,18,216,"1,182"
2022/5/5,156,"1,926","7,297",866,156,113,137,"1,453",35,621,411,396,"12,512",352,559,"6,298",26,379,260,9,4,350,"1,785"
2022/5/6,208,"2,535","8,174","1,264",234,109,189,"1,553",133,763,547,469,"16,343",473,753,"6,908",59,794,324,17,12,358,"2,184"
2022/5/7,249,"2,367","7,486","1,206",196,123,211,"1,321",82,820,657,494,"18,909",514,710,"5,490",26,574,352,14,20,348,"2,072"
2022/5/8,199,"2,126","6,443","1,331",265,141,177,"1,490",39,963,712,471,"15,009",331,766,"6,356",59,719,322,5,10,360,"1,981"
2022/5/9,189,"2,229","7,756","1,401",166,107,171,"1,506",32,827,596,566,"12,681",534,626,"5,940",43,570,323,0,16,467,"2,067"
2022/5/10,415,"4,498","9,421","2,135",347,274,323,"2,123",42,"1,320","1,129",991,"25,884","1,101","1,769","11,101",94,"1,033",751,13,27,562,"3,729"
2022/5/11,364,"3,770","9,823","2,187",322,179,353,"1,850",69,"1,093",943,935,"25,318",821,"1,350","10,166",62,"1,168",732,4,55,558,"3,324"
2022/5/12,314,"3,696","10,893","2,232",333,241,297,"2,020",21,"1,359","1,071","1,104","23,537",579,"1,637","9,518",86,963,717,16,38,552,"3,757"
2022/5/13,415,"4,350","8,877","2,456",367,231,391,"1,914",46,"1,683","1,019","1,056","22,446","1,263","1,696","9,533",76,827,624,10,105,604,"3,888"
2022/5/14,470,"4,002","10,834","2,325",282,208,382,"2,136",76,"1,819","1,171","1,326","24,068","1,369","1,926","9,700",73,987,837,3,111,631,"3,985"
2022/5/15,476,"4,421","8,621","2,461",334,266,395,"1,705",41,"1,567",974,"1,312","21,054",852,"1,648","8,702",92,761,979,7,112,597,"4,340"
2022/5/16,616,"4,720","9,081","2,701",369,378,537,"1,921",63,"1,450","1,430","1,563","19,152","1,143","2,215","10,187",112,"1,137","1,099",13,70,574,"5,070"
2022/5/17,701,"6,741","10,960","3,883",613,394,602,"2,405",24,"1,835","1,928","1,881","28,482","1,296","2,390","9,538",143,"1,292","1,069",12,120,899,"6,961"
2022/5/18,950,"7,495","11,247","4,646",637,491,628,"2,557",52,"2,061","2,004","2,188","26,421","1,896","2,811","14,018",144,"1,264","1,461",21,119,"1,014","6,825"
2022/5/19,743,"7,194","10,342","4,652",610,382,672,"2,042",45,"2,193","2,154","2,187","24,529","1,696","2,819","11,741",122,"1,137","1,265",7,94,965,"7,716"
2022/5/20,945,"7,883","9,830","4,528",539,529,765,"1,735",49,"1,942","2,131","2,769","24,321","1,556","2,519","10,504",145,"1,235","1,584",1,104,"1,136","7,845"
2022/5/21,896,"7,130","8,909","4,543",504,461,730,"1,784",58,"1,712","2,081","2,312","21,541","1,626","2,376","11,325",121,"1,112","1,646",59,112,916,"7,492"
2022/5/22,853,"7,118","6,629","4,453",515,337,575,"1,431",24,"1,424","1,890","1,997","16,232","1,298","1,939","8,779",138,"1,066","1,146",34,119,763,"7,430"
2022/5/23,"1,206","9,083","7,927","5,477",877,574,883,"1,874",88,"2,071","2,495","4,023","17,356","1,628","2,246","10,618",160,"1,388","1,598",30,92,"1,177","9,765"
2022/5/24,"1,239","9,815","8,208","5,819",690,554,"1,036","1,760",21,"1,649","2,774","3,383","22,460","1,788","2,674","10,492",144,"1,588","1,817",24,98,"1,366","10,011"
2022/5/25,997,"9,967","8,239","5,786",680,518,929,"1,661",59,"2,009","2,479","3,186","18,560","1,686","2,345","9,554",145,"1,299","1,702",15,114,"1,091","8,861"
2022/5/26,"1,285","11,512","8,469","7,231",811,660,"1,012","2,021",35,"1,658","2,569","4,099","20,587","2,184","2,788","10,005",126,"1,391","2,209",23,65,"1,703","11,707"
2022/5/27,973,"9,061","7,242","6,566",718,594,966,"1,424",52,"1,773","2,417","3,489","17,008","1,765","2,622","8,967",127,"1,315","1,973",81,132,"1,470","10,064"
2022/5/28,980,"8,923","6,649","5,777",814,530,960,"1,229",64,"1,473","2,362","3,813","15,700","1,697","2,047","9,407",133,"1,141","1,650",28,103,"1,085","9,986"
2022/5/29,882,"7,647","5,031","4,151",565,439,749,"1,038",57,925,"1,983","3,102","11,346","1,134","1,958","6,492",85,934,"1,622",18,68,"1,137","8,697"
2022/5/30,"1,386","10,661","5,957","6,391",789,815,"1,117","1,623",71,"1,585","2,712","4,610","15,244","1,761","2,124","7,839",194,"1,275","1,901",9,106,"1,553","10,930"
2022/5/31,"1,491","11,674","6,658","7,492",856,721,"1,187","1,401",24,"1,535","2,907","4,794","15,687","2,027","2,576","9,586",145,"1,483","1,960",50,72,"1,883","11,997"
2022/6/1,"1,341","10,749","5,454","5,960",832,769,"1,132","1,179",46,"1,397","2,566","4,478","13,508","1,624","2,381","7,915",154,"1,239","1,544",25,81,"1,408","11,001"
2022/6/2,"1,463","10,633","5,248","6,360",863,749,"1,151","1,258",47,"1,494","2,730","4,446","12,535","1,660","2,199","7,503",169,"1,249","1,823",34,107,"1,482","11,312"
2022/6/3,"1,320","9,524","4,467","5,403",627,760,"1,117","1,009",33,"1,201","2,529","4,376","10,494","1,572","2,007","7,153",137,"1,001","1,710",24,153,"1,404","10,083"
2022/6/4,"1,203","8,804","3,782","5,306",688,580,"1,044",692,30,"1,210","2,358","4,139","9,617","1,293","1,542","6,040",146,983,"1,497",13,109,"1,393","9,610"
2022/6/5,"1,153","7,111","3,196","4,288",511,561,864,"1,051",31,821,"2,028","3,670","8,150","1,050","1,547","5,343",146,938,"1,353",42,121,"1,172","7,843"
2022/6/6,"1,954","12,601","5,021","7,212",791,"1,067","1,612","1,121",54,"1,534","3,180","5,602","12,168","1,556","1,757","6,907",232,"1,398","1,973",10,130,"1,850","13,228"
2022/6/7,"1,726","11,665","4,695","6,777",874,874,"1,330","1,076",29,"1,356","2,934","5,381","12,139","1,860","2,334","8,391",247,"1,212","1,675",57,60,"1,752","11,716"
2022/6/8,"1,493","10,664","4,313","6,020",704,928,"1,417",935,46,"1,226","2,827","5,097","10,940","1,603","1,791","6,563",182,"1,117","1,704",3,103,"1,719","11,527"
2022/6/9,"1,541","10,180","4,203","5,996",751,732,"1,254",933,36,"1,211","2,694","4,947","9,559","1,335","1,779","6,350",176,"1,048","1,465",22,104,"1,483","10,515"
2022/6/10,"1,052","7,679","3,310","4,529",554,578,"1,000",705,36,798,"2,170","3,971","7,142",989,"1,163","4,378",153,740,"1,090",17,66,"1,254","9,230"
2022/6/11,"1,836","11,532","4,328","7,021",854,966,"1,618",984,43,"1,379","2,934","6,216","10,380","1,666","1,854","7,021",238,969,"1,846",31,125,"1,846","11,877"
2022/6/12,"1,054","6,680","2,674","3,819",438,534,802,547,29,691,"1,765","3,491","5,889",833,"1,178","4,223",168,668,"1,105",12,44,"1,028","7,413"
2022/6/13,"1,714","10,305","3,521","6,031",763,892,"1,424",838,70,"1,262","2,975","5,053","8,409","1,219","1,615","5,075",182,954,"1,617",16,100,"1,861","10,262"
2022/6/14,"1,528","10,815","3,791","6,710",744,763,"1,240",847,26,"1,170","2,884","5,448","8,855","1,289","1,539","6,080",223,893,"1,640",28,94,"1,691","10,635"
2022/6/15,"1,489","9,667","3,449","5,998",628,742,"1,338",822,54,"1,122","2,765","5,042","7,880","1,301","1,434","5,273",211,870,"1,529",13,109,"1,591","9,857"
2022/6/16,"1,366","8,422","3,174","5,293",532,735,"1,054",688,75,951,"2,430","4,204","7,040","1,022","1,223","4,480",207,727,"1,282",35,99,"1,435","8,764"
2022/6/17,"1,271","8,046","3,022","5,178",581,737,"1,108",681,66,923,"2,310","4,152","6,685",913,"1,226","4,655",201,781,"1,264",23,120,"1,528","8,195"
2022/6/18,"1,286","7,948","2,915","5,024",456,662,"1,032",677,77,943,"2,057","3,681","6,328","1,020","1,210","4,116",198,639,"1,066",15,86,"1,300","7,879"
2022/6/19,922,"5,395","2,151","2,992",288,427,661,450,36,560,"1,385","2,923","4,331",669,952,"3,121",136,553,905,15,51,"1,059","5,638"
2022/6/20,"1,542","8,440","3,168","5,389",675,946,"1,404",593,67,851,"2,725","4,512","7,098",933,"1,065","3,856",235,782,"1,374",28,122,"1,802","8,771"
2022/6/21,"1,246","7,997","3,180","4,674",507,772,"1,034",702,35,934,"2,293","3,815","6,654","1,106","1,349","4,601",209,725,"1,147",38,101,"1,596","7,508"
2022/6/22,"1,200","7,131","3,076","4,312",401,705,"1,073",575,73,818,"2,056","3,522","6,523",955,"1,156","4,058",220,650,"1,098",14,131,"1,322","7,257"
2022/6/23,"1,178","6,811","2,850","4,258",431,588,897,562,90,737,"1,975","3,245","6,048",867,"1,016","3,991",170,655,"1,008",36,121,"1,388","6,819"
2022/6/24,972,"6,135","2,469","3,490",406,605,814,530,107,687,"1,635","2,997","5,402",801,"1,027","3,243",170,578,970,22,74,"1,304","5,944"
2022/6/25,920,"5,623","2,429","3,675",358,547,762,491,60,761,"1,499","2,705","5,522",850,"1,000","3,796",181,563,879,21,110,"1,130","5,756"
2022/6/26,620,"4,071","1,830","2,408",253,351,595,364,95,484,"1,062","1,988","3,829",590,758,"2,766",140,451,778,16,51,860,"4,208"
2022/6/27,"1,072","6,474","2,747","4,027",535,649,"1,073",492,51,832,"1,877","3,321","5,970",786,"1,076","3,502",200,643,"1,125",22,190,"1,409","6,331"
2022/6/28,910,"6,224","2,982","3,814",500,590,843,531,92,781,"1,610","2,697","6,075",892,"1,028","3,992",159,705,982,22,99,"1,134","5,524"
2022/6/29,920,"5,719","2,773","3,239",453,516,812,490,98,694,"1,453","2,526","5,638",787,924,"3,683",140,640,900,12,96,"1,078","5,327"
2022/6/30,782,"5,249","2,495","3,033",415,486,729,446,100,615,"1,297","2,331","5,316",707,917,"3,388",172,590,842,30,88,968,"4,779"
2022/7/1,729,"5,047","2,337","2,900",432,455,755,393,79,658,"1,219","2,153","4,981",750,907,"3,451",156,584,893,23,125,"1,039","4,738"
2022/7/2,698,"4,502","2,419","2,797",312,395,674,464,115,732,"1,142","1,980","5,041",774,902,"3,159",165,449,754,28,88,853,"4,243"
2022/7/3,488,"3,287","1,721","1,762",235,213,439,247,73,466,817,"1,295","3,633",488,633,"2,448",136,436,611,18,83,614,"2,964"
2022/7/4,801,"5,025","2,691","2,986",479,563,850,399,101,786,"1,370","2,251","5,276",657,905,"3,144",187,604,963,45,195,"1,074","4,651"
2022/7/5,702,"4,789","2,738","2,750",478,403,687,446,78,765,"1,233","1,809","5,650",754,919,"3,714",183,600,854,33,127,874,"3,970"
2022/7/6,633,"4,155","2,576","2,363",379,347,658,465,98,672,"1,106","1,772","5,452",582,777,"3,115",167,592,788,19,152,811,"3,763"
2022/7/7,681,"3,918","2,490","2,278",375,361,606,431,163,671,"1,063","1,649","4,943",666,778,"3,196",170,538,807,19,156,878,"3,622"
2022/7/8,562,"3,683","2,245","2,147",394,341,652,397,104,685,"1,077","1,515","4,409",546,766,"2,817",172,521,689,26,150,804,"3,412"
2022/7/9,562,"3,596","2,352","2,211",331,287,502,421,137,702,939,"1,378","4,778",646,730,"2,941",122,463,698,23,135,657,"3,227"
2022/7/10,377,"2,632","1,595","1,337",208,202,357,222,80,456,596,"1,070","3,187",398,533,"2,111",108,353,452,23,94,557,"2,169"
2022/7/11,615,"4,070","2,518","2,449",507,412,791,402,147,755,"1,074","1,602","5,079",515,735,"2,868",162,558,909,44,205,998,"3,847"
2022/7/12,536,"3,968","2,815","2,143",424,315,562,429,65,646,"1,001","1,433","5,135",677,741,"3,273",129,492,796,36,171,754,"3,351"
2022/7/13,495,"3,672","2,477","1,965",347,312,546,463,87,639,849,"1,364","4,927",634,800,"2,823",137,436,669,23,144,720,"3,136"
2022/7/14,445,"3,338","2,315","1,775",329,253,484,353,88,552,778,"1,243","4,429",560,677,"2,716",148,421,674,23,142,726,"2,809"
2022/7/15,449,"3,251","2,140","1,784",286,327,503,420,46,622,833,"1,210","4,544",498,667,"2,685",133,438,695,24,145,686,"2,892"
2022/7/16,422,"3,091","2,230","1,716",286,219,394,388,7,626,712,"1,155","4,322",604,667,"2,606",126,429,654,29,211,597,"2,704"
2022/7/17,338,"2,252","1,551","1,258",198,230,334,237,570,394,474,859,"3,041",395,563,"1,907",92,315,478,23,88,464,"2,044"
2022/7/18,506,"3,437","2,686","1,799",337,337,559,417,368,696,903,"1,236","4,589",554,733,"2,461",134,546,663,21,225,764,"3,144"
2022/7/19,428,"3,425","2,638","1,856",353,295,508,412,257,653,755,"1,192","4,769",645,782,"3,007",126,550,746,31,153,671,"2,912"
2022/7/20,444,"3,178","2,537","1,906",311,249,522,390,263,535,701,"1,104","4,514",591,703,"2,514",145,412,626,21,117,622,"2,746"
2022/7/21,436,"2,887","2,269","1,826",285,289,445,348,281,588,684,"1,031","4,273",569,666,"2,553",111,486,631,24,142,565,"2,690"
2022/7/22,418,"2,938","2,130","1,635",250,278,441,337,247,582,654,"1,033","3,817",553,640,"2,304",111,467,571,28,119,569,"2,458"
2022/7/23,350,"2,659","1,979","1,700",208,236,423,324,274,548,566,968,"4,021",518,666,"2,251",75,374,542,19,142,523,"2,352"
2022/7/24,327,"2,090","1,565","1,332",159,171,326,230,207,364,433,794,"3,134",329,504,"1,839",110,311,472,16,93,408,"1,908"
2022/7/25,468,"3,146","2,304","1,926",300,347,553,381,287,641,787,"1,211","4,188",491,603,"2,225",135,544,722,15,234,739,"2,805"
2022/7/26,419,"3,200","2,368","1,976",273,312,487,357,169,600,702,"1,161","4,736",610,724,"2,666",137,463,730,8,118,602,"2,857"
2022/7/27,445,"2,972","2,304","1,836",267,262,423,438,149,521,644,"1,066","4,361",564,712,"2,404",142,456,704,21,172,576,"2,508"
2022/7/28,362,"2,731","2,088","1,844",263,301,433,325,305,507,667,"1,088","4,244",558,687,"2,408",123,454,619,11,152,612,"2,477"
2022/7/29,320,"2,783","1,860","1,665",273,231,347,306,228,424,563,"1,032","3,945",571,609,"2,174",149,427,598,18,125,517,"2,316"
2022/7/30,363,"2,621","1,901","1,581",251,265,411,334,243,408,580,979,"3,844",518,646,"2,267",146,398,540,11,130,481,"2,142"
2022/7/31,322,"2,013","1,452","1,252",172,196,321,245,231,356,397,710,"2,985",381,502,"1,840",103,297,539,10,72,426,"1,760"
2022/8/1,410,"2,993","2,102","1,986",296,334,462,333,256,455,710,"1,139","4,109",481,671,"2,061",134,424,711,16,177,682,"2,595"
2022/8/2,409,"3,017","2,243","1,850",245,311,430,402,199,510,592,937,"4,579",645,738,"2,573",122,353,686,11,116,581,"2,360"
2022/8/3,397,"2,845","2,249","1,715",258,245,384,334,251,420,544,"1,036","4,500",576,737,"2,334",96,413,589,4,111,576,"2,306"
2022/8/4,376,"2,673","2,203","1,649",219,252,361,341,289,470,556,919,"4,138",519,633,"2,290",106,416,598,9,128,532,"2,154"
2022/8/5,328,"2,356","2,046","1,415",199,218,376,327,212,432,534,817,"3,798",449,642,"2,155",123,294,564,6,96,550,"2,013"
2022/8/6,388,"2,689","2,142","1,656",217,223,392,380,273,432,580,958,"4,187",558,695,"2,339",164,373,618,3,107,464,"2,103"
2022/8/7,283,"1,881","1,371","1,124",139,150,285,271,208,277,348,682,"2,956",335,507,"1,718",93,289,438,2,113,410,"1,519"
2022/8/8,396,"3,076","2,448","1,798",267,266,492,343,211,465,612,"1,083","4,360",521,603,"2,162",188,401,721,7,125,698,"2,402"
2022/8/9,393,"2,998","2,423","1,653",220,239,375,387,140,537,530,999,"4,621",628,736,"2,669",246,412,742,13,130,506,"2,187"
2022/8/10,396,"2,837","2,376","1,547",173,223,354,354,254,455,543,904,"4,597",569,700,"2,570",114,377,679,10,149,564,"2,132"
2022/8/11,357,"2,668","2,283","1,490",193,209,306,347,225,491,509,958,"4,522",485,660,"2,444",201,391,729,6,129,488,"1,883"
2022/8/12,350,"2,556","2,319","1,505",222,211,370,344,230,435,448,921,"4,261",526,662,"2,332",229,306,621,13,95,476,"1,832"
2022/8/13,306,"2,484","2,262","1,370",179,171,308,419,287,491,431,849,"4,509",536,571,"2,332",203,346,538,3,103,520,"1,848"
2022/8/14,275,"1,885","1,675",933,120,123,222,227,194,344,320,680,"3,225",369,503,"1,987",95,278,527,7,94,340,"1,349"
2022/8/15,390,"2,725","2,464","1,596",217,276,434,343,272,569,543,"1,085","4,768",567,593,"2,212",121,435,784,10,93,554,"2,095"
2022/8/16,424,"2,999","2,911","1,615",233,207,338,404,205,544,583,926,"5,278",739,738,"2,786",74,461,648,10,56,511,"2,142"
2022/8/17,367,"2,789","2,701","1,457",203,243,384,419,335,525,520,901,"4,910",629,721,"2,575",111,439,643,6,91,519,"1,910"
2022/8/18,327,"2,727","2,626","1,358",222,189,300,357,259,544,494,894,"4,959",619,708,"2,624",115,373,607,10,108,483,"1,885"
2022/8/19,410,"2,715","2,524","1,296",198,196,294,374,234,548,524,908,"4,656",622,640,"2,470",75,420,561,14,99,500,"1,848"
2022/8/20,379,"2,564","2,481","1,298",194,178,315,433,256,514,531,788,"5,104",665,658,"2,458",122,343,637,7,90,463,"1,893"
2022/8/21,268,"1,876","1,882","1,053",160,166,263,295,240,312,368,650,"3,595",478,534,"2,122",75,275,493,3,64,341,"1,387"
2022/8/22,451,"3,041","3,072","1,598",303,295,421,423,287,636,644,"1,050","5,480",667,716,"2,702",140,502,759,24,163,659,"2,307"
2022/8/23,400,"3,422","3,191","1,624",302,200,427,485,170,603,591,"1,046","6,548",892,840,"3,317",133,463,737,1,89,565,"2,488"
2022/8/24,387,"3,019","3,278","1,673",251,231,421,534,308,580,563,"1,026","6,141",724,833,"2,925",133,525,702,6,102,591,"2,265"
2022/8/25,391,"3,038","2,905","1,576",258,254,393,507,349,599,601,"1,044","5,879",790,868,"2,957",133,522,755,50,93,564,"2,203"
2022/8/26,392,"2,990","3,086","1,483",264,244,378,447,279,553,573,930,"5,706",748,769,"2,959",117,500,647,21,87,513,"2,182"
2022/8/27,352,"3,106","3,104","1,632",228,254,417,516,314,559,562,"1,068","5,981",837,807,"2,942",101,505,662,14,80,481,"2,217"
2022/8/28,312,"2,278","2,381","1,172",155,195,287,388,285,408,447,804,"4,240",636,820,"2,479",125,431,517,32,62,380,"1,593"
2022/8/29,480,"3,778","3,723","1,949",344,373,501,505,299,665,728,"1,273","6,940",681,831,"3,180",143,571,875,20,136,721,"2,731"
2022/8/30,454,"4,159","4,143","2,089",328,292,440,693,219,598,731,"1,334","7,952","1,063","1,074","3,795",168,631,877,27,96,647,"2,761"
2022/8/31,567,"4,019","4,150","1,975",236,349,504,627,240,601,707,"1,439","7,708",990,"1,106","3,555",138,606,919,18,120,638,"2,856"
2022/9/1,477,"4,003","4,109","1,934",235,346,458,612,334,660,736,"1,360","7,481",944,"1,062","3,793",176,651,879,23,108,665,"2,733"
2022/9/2,451,"3,860","3,932","1,948",210,306,459,588,280,643,740,"1,241","7,224",986,"1,131","3,699",158,627,800,19,120,744,"2,615"
2022/9/3,500,"4,025","4,104","1,926",249,304,455,778,229,710,747,"1,346","7,923","1,065","1,071","3,909",147,627,793,16,88,587,"2,731"
2022/9/4,324,"2,577","2,949","1,294",191,200,334,439,171,474,562,944,"5,513",629,872,"2,891",112,449,598,24,96,455,"1,976"
2022/9/5,570,"4,610","4,451","2,056",318,366,525,671,300,856,923,"1,451","8,152",921,"1,065","3,564",166,766,922,22,114,790,"3,087"
2022/9/6,598,"5,041","5,419","2,156",304,348,529,857,266,815,876,"1,473","9,546","1,263","1,317","4,675",148,776,"1,005",16,89,699,"3,026"
2022/9/7,445,"4,375","4,340","1,817",278,298,449,715,278,725,745,"1,330","8,140",910,"1,219","4,026",123,657,762,23,85,642,"2,711"
2022/9/8,517,"4,038","4,288","1,799",252,305,499,709,235,718,828,"1,316","7,742",944,"1,090","3,837",116,655,868,18,105,674,"2,678"
2022/9/9,665,"4,603","4,359","1,880",238,328,478,738,233,911,823,"1,534","7,926",842,"1,038","3,805",106,668,818,15,125,716,"2,943"
2022/9/10,538,"4,349","3,734","1,676",261,289,442,700,273,716,704,"1,411","6,719",834,983,"3,455",89,534,780,9,83,691,"2,827"
2022/9/11,588,"2,988","2,894","1,460",198,236,344,500,227,615,686,"1,273","5,406",644,831,"2,720",93,471,547,14,108,509,"2,209"
2022/9/12,900,"6,135","5,440","2,821",356,545,793,929,237,"1,048","1,202","2,083","10,043",971,"1,383","4,526",166,815,"1,162",25,103,"1,068","4,247"
2022/9/13,860,"6,554","5,695","2,709",373,443,671,967,165,"1,182","1,206","2,044","10,940","1,378","1,544","5,445",128,758,"1,100",29,129,"1,000","4,338"
2022/9/14,815,"5,958","5,264","2,505",278,432,688,978,199,"1,046","1,056","1,971","10,066","1,215","1,305","4,775",121,710,"1,066",19,107,920,"3,920"
2022/9/15,754,"5,355","4,786","2,383",311,358,583,814,238,955,"1,030","1,791","9,164",995,"1,277","4,481",125,658,996,16,117,842,"3,591"
2022/9/16,760,"5,078","4,585","2,189",315,349,549,801,228,"1,013",959,"1,667","8,772",971,"1,095","4,312",108,708,871,16,98,832,"3,303"
2022/9/17,775,"5,023","4,366","2,199",274,407,564,883,230,"1,002",926,"1,747","8,908","1,069","1,164","4,131",96,636,853,19,85,806,"3,354"
2022/9/18,557,"3,569","3,176","1,458",189,253,344,583,236,552,630,"1,431","6,194",699,927,"3,395",98,446,710,26,61,598,"2,287"
2022/9/19,988,"5,959","5,102","2,659",359,470,739,822,230,"1,169","1,081","2,159","9,650",940,"1,208","4,106",113,734,"1,090",36,125,"1,013","3,952"
2022/9/20,815,"6,053","5,564","2,462",371,419,635,969,221,"1,122",946,"2,032","10,603","1,243","1,409","5,185",105,723,"1,085",19,111,951,"3,803"
2022/9/21,800,"5,548","4,870","2,316",341,394,605,838,241,970,937,"1,953","9,382","1,091","1,177","4,553",101,656,936,21,78,927,"3,687"
2022/9/22,726,"5,239","4,505","2,324",328,420,657,656,251,867,947,"1,919","8,784",952,"1,086","4,142",76,568,898,26,100,861,"3,654"
2022/9/23,766,"4,783","4,290","2,140",300,427,690,687,211,892,885,"1,848","8,014",986,"1,075","4,177",95,525,888,18,104,881,"3,641"
2022/9/24,696,"5,094","4,263","2,331",275,371,546,744,192,926,901,"1,950","8,296","1,048","1,046","4,103",81,463,845,16,91,769,"3,899"
2022/9/25,644,"3,707","3,179","1,673",215,290,465,499,264,577,704,"1,512","5,815",666,933,"3,154",60,399,669,10,65,602,"2,635"
2022/9/26,937,"6,230","4,959","2,926",375,508,826,775,237,"1,089","1,183","2,274","9,407","1,049","1,235","4,226",113,639,"1,075",26,115,"1,147","4,436"
2022/9/27,930,"6,307","5,404","2,822",313,446,831,856,186,"1,038","1,122","2,179","10,482","1,242","1,377","5,478",105,590,"1,155",8,102,985,"4,610"
2022/9/28,835,"5,905","4,871","2,789",280,487,711,817,206,942,"1,054","2,217","9,442","1,132","1,221","4,838",86,600,"1,045",13,86,955,"4,295"
2022/9/29,790,"5,812","4,602","2,686",352,446,630,736,211,"1,012","1,043","2,167","9,121","1,081","1,236","4,577",114,539,"1,061",14,90,955,"4,185"
2022/9/30,709,"5,816","4,693","2,719",304,461,620,745,43,945,971,"2,177","8,999",995,"1,312","4,722",84,599,"1,046",15,81,912,"4,094"
2022/10/1,627,"5,531","4,708","2,885",354,395,732,790,61,"1,122","1,028","2,266","9,091","1,090","1,246","4,631",64,541,997,14,83,876,"4,137"
2022/10/2,549,"4,343","3,518","2,067",195,281,487,526,51,695,726,"1,685","6,967",765,"1,084","3,918",108,499,900,18,68,689,"3,264"
2022/10/3,820,"6,638","5,097","3,582",436,598,939,708,62,"1,131","1,232","2,572","9,943",990,"1,300","4,833",142,709,"1,274",34,104,"1,171","5,196"
2022/10/4,754,"7,070","6,148","3,466",432,524,878,"1,042",48,"1,192","1,207","2,668","11,605","1,307","1,496","6,068",114,750,"1,347",26,91,"1,178","5,445"
2022/10/5,724,"5,937","5,149","3,290",353,448,774,852,58,"1,100","1,155","2,298","9,500",918,"1,185","4,960",117,602,"1,149",22,103,997,"4,744"
2022/10/6,782,"6,312","5,318","3,396",394,506,812,824,62,"1,180","1,271","2,677","10,629","1,019","1,356","5,492",135,687,"1,299",22,115,"1,078","5,209"
2022/10/7,700,"5,460","4,793","3,117",283,460,740,847,56,"1,059","1,133","2,243","9,046",982,"1,189","4,588",129,655,"1,159",16,73,"1,050","4,720"
2022/10/8,648,"5,464","4,387","3,143",323,435,751,762,88,"1,180","1,132","2,298","9,059","1,085","1,222","4,891",99,622,"1,044",11,132,"1,064","4,690"
2022/10/9,520,"3,933","3,256","2,208",222,328,530,564,46,638,852,"1,674","6,374",719,927,"3,641",86,402,814,21,93,784,"3,458"
2022/10/10,698,"5,724","3,772","3,037",240,505,788,601,59,"1,036","1,215","2,466","8,029",810,"1,006","3,899",115,596,997,13,134,"1,042","4,634"
2022/10/11,812,"6,830","5,091","4,025",441,603,944,752,63,959,"1,625","2,733","10,095",964,"1,364","5,062",134,729,"1,328",37,158,"1,404","6,211"
2022/10/12,730,"6,894","5,430","4,081",407,558,932,831,57,"1,098","1,645","2,483","10,544","1,188","1,474","5,728",121,640,"1,175",15,135,"1,257","5,941"
2022/10/13,676,"6,470","4,744","3,620",334,536,791,752,53,919,"1,447","2,408","9,510","1,110","1,228","5,138",114,689,"1,147",12,132,"1,149","5,234"
2022/10/14,706,"5,554","4,257","3,292",344,512,740,709,29,785,"1,345","2,222","8,515","1,000","1,117","4,479",133,577,"1,049",15,133,"1,057","4,899"
2022/10/15,640,"5,419","4,023","3,354",232,451,787,609,55,800,"1,231","2,063","8,104",955,"1,038","4,255",100,490,856,11,103,987,"4,954"
2022/10/16,443,"3,488","2,826","2,213",186,274,471,384,36,499,852,"1,554","5,650",604,767,"3,387",86,362,650,21,87,644,"3,341"
2022/10/17,811,"5,927","4,252","3,791",318,663,946,648,37,843,"1,465","2,490","8,282",843,"1,043","3,907",110,576,996,25,135,"1,104","5,644"
2022/10/18,735,"5,960","4,234","3,587",256,504,698,700,23,762,"1,345","2,276","8,771","1,023","1,026","4,567",111,472,968,21,125,"1,016","5,410"
2022/10/19,713,"5,251","3,733","3,310",255,449,673,551,43,660,"1,282","2,119","7,569",880,928,"4,081",107,468,809,17,110,836,"4,934"
2022/10/20,725,"5,094","3,400","2,979",303,433,661,497,60,580,"1,157","1,926","7,046",857,886,"3,668",67,492,770,11,117,874,"4,627"
2022/10/21,703,"4,592","3,290","2,971",226,429,664,496,50,557,"1,057","1,883","6,530",825,924,"3,618",107,477,801,17,132,839,"4,423"
2022/10/22,691,"4,702","3,389","2,834",207,433,630,505,44,623,967,"1,860","6,657",870,873,"3,571",68,392,771,8,120,820,"4,305"
2022/10/23,485,"3,537","2,449","2,100",121,355,434,379,20,415,667,"1,420","4,844",586,733,"2,949",79,327,549,3,87,631,"3,152"
2022/10/24,770,"5,368","3,482","3,540",231,584,871,438,49,669,"1,364","2,171","6,887",779,927,"3,378",78,436,912,13,170,947,"5,082"
2022/10/25,709,"5,500","3,702","3,439",254,458,724,637,51,600,"1,280","2,026","7,489",968,966,"4,049",63,471,795,7,123,892,"5,077"
2022/10/26,662,"4,939","3,260","3,024",235,447,699,472,55,563,"1,073","1,825","6,455",813,879,"3,535",82,402,754,13,125,860,"4,478"
2022/10/27,701,"4,942","3,082","3,093",198,484,570,469,47,558,"1,080","1,765","6,181",760,834,"3,464",64,340,725,17,109,737,"4,349"
2022/10/28,613,"4,403","2,970","2,712",175,459,628,412,30,495,992,"1,774","5,802",761,776,"3,261",53,413,655,6,87,882,"4,128"
2022/10/29,661,"4,368","2,861","2,863",191,380,572,487,46,525,922,"1,552","5,533",822,809,"3,167",58,322,695,5,111,680,"3,900"
2022/10/30,457,"3,069","1,925","1,845",112,257,406,335,41,316,643,"1,213","3,961",541,663,"2,582",55,257,477,4,70,488,"2,900"
2022/10/31,711,"4,819","2,948","3,254",269,477,724,351,30,555,"1,092","1,872","5,840",744,783,"3,002",66,388,735,5,90,951,"4,547"
2022/11/1,602,"4,649","2,815","2,855",153,382,648,474,60,502,"1,015","1,585","6,010",758,836,"3,525",39,333,724,6,83,710,"4,390"
2022/11/2,491,"4,067","2,707","2,686",181,360,582,438,49,437,948,"1,356","5,246",715,745,"3,017",63,366,698,2,74,606,"4,132"
2022/11/3,470,"3,821","2,442","2,416",152,342,568,353,42,418,845,"1,310","4,896",599,733,"2,793",23,288,602,7,53,631,"3,777"
2022/11/4,484,"3,523","2,151","2,379",178,356,508,290,44,319,844,"1,165","4,355",606,642,"2,585",48,293,494,15,76,590,"3,603"
2022/11/5,425,"3,437","2,083","2,309",145,304,461,353,46,346,740,"1,104","4,180",597,600,"2,406",41,226,469,3,62,560,"3,444"
2022/11/6,342,"2,448","1,302","1,483",77,209,306,210,23,206,500,790,"2,796",335,452,"1,774",34,161,355,3,43,356,"2,343"
2022/11/7,465,"3,584","2,008","2,483",160,378,555,253,37,343,877,"1,221","3,868",497,578,"2,172",37,230,535,22,77,696,"3,877"
2022/11/8,425,"3,424","2,163","2,391",148,309,483,346,52,384,823,"1,083","4,139",633,633,"2,364",32,194,469,14,47,585,"3,703"
2022/11/9,360,"3,084","1,906","2,198",116,256,416,250,39,300,704,"1,048","3,734",551,585,"2,259",44,221,485,7,56,518,"3,181"
2022/11/10,371,"2,688","1,638","1,949",135,283,394,274,36,287,604,"1,077","3,333",455,527,"2,018",41,167,462,7,41,548,"2,953"
2022/11/11,341,"2,525","1,579","1,915",114,241,332,291,52,286,609,911,"3,111",444,496,"1,960",26,172,427,8,46,481,"2,843"
2022/11/12,346,"2,457","1,506","1,775",140,245,328,269,39,251,525,896,"3,096",423,507,"1,973",23,202,423,2,49,489,"2,634"
2022/11/13,266,"2,439","1,266","1,606",81,173,229,189,38,221,461,848,"2,732",447,426,"1,814",27,171,390,4,27,422,"2,333"
2022/11/14,356,"2,132","1,613","1,872",168,300,441,234,38,244,691,931,"2,876",407,434,"1,705",43,219,511,3,52,584,"2,683"
2022/11/15,354,"2,870","2,039","2,024",124,240,380,333,51,336,681,"1,043","3,911",542,632,"2,605",24,241,541,6,39,504,"3,152"
2022/11/16,342,"2,579","1,731","1,879",114,227,348,317,49,306,610,931,"3,447",484,582,"2,146",29,217,472,5,33,476,"2,790"
2022/11/17,289,"2,287","1,534","1,686",115,191,321,231,49,255,587,931,"2,927",464,514,"1,947",28,194,468,4,31,422,"2,519"
2022/11/18,288,"2,247","1,419","1,584",99,184,284,204,57,240,522,761,"2,757",418,499,"1,707",19,177,381,3,41,412,"2,258"
2022/11/19,264,"1,956","1,453","1,530",112,207,286,251,38,229,515,789,"2,688",486,529,"1,668",32,203,372,8,55,415,"2,139"
2022/11/20,179,"1,610","1,034","1,103",62,95,161,143,29,157,367,618,"1,876",307,366,"1,426",23,152,314,5,28,262,"1,584"
2022/11/21,302,"2,515","1,490","1,707",148,236,322,238,30,309,619,925,"2,797",447,497,"1,738",31,251,539,4,40,456,"2,517"
2022/11/22,223,"2,378","1,512","1,605",115,201,288,252,49,274,551,847,"2,988",540,566,"2,017",22,204,444,3,27,405,"2,365"
2022/11/23,278,"2,115","1,373","1,402",97,191,280,229,37,221,407,844,"2,613",470,540,"1,712",15,249,397,0,26,345,"2,200"
2022/11/24,214,"1,863","1,226","1,240",111,147,224,185,50,204,408,780,"2,372",354,434,"1,542",21,218,368,5,15,325,"1,869"
2022/11/25,221,"1,782","1,126","1,219",88,158,192,180,51,196,413,669,"2,205",427,410,"1,330",21,173,345,8,29,271,"1,751"
2022/11/26,213,"1,769","1,139","1,142",96,141,230,186,37,221,374,751,"2,155",406,396,"1,464",15,142,298,2,24,340,"1,760"
2022/11/27,201,"1,485",877,858,62,98,163,132,70,162,318,645,"1,619",259,388,"1,272",18,169,283,2,26,241,"1,306"
2022/11/28,361,"2,389","1,471","1,504",142,193,346,174,52,269,530,979,"2,670",433,572,"1,657",29,241,495,8,68,471,"2,221"
2022/11/29,276,"2,461","1,590","1,388",113,210,295,223,60,260,516,896,"2,854",538,600,"2,020",29,223,517,7,61,422,"2,159"
2022/11/30,246,"2,040","1,251","1,222",106,156,272,181,53,223,460,907,"2,628",541,531,"1,692",20,211,455,2,51,349,"2,041"
2022/12/1,249,"1,945","1,207","1,051",123,137,201,167,62,212,412,782,"2,244",396,449,"1,561",19,201,382,0,48,399,"1,822"
2022/12/2,258,"1,696","1,034",974,84,157,258,161,57,188,410,780,"2,155",362,460,"1,337",22,167,378,3,54,299,"1,841"
2022/12/3,182,"1,751","1,021","1,026",93,157,216,164,39,193,396,659,"2,194",412,433,"1,474",16,186,324,2,44,296,"1,731"
2022/12/4,163,"1,477",793,705,72,71,175,123,28,129,299,649,"1,587",325,410,"1,206",20,155,275,2,26,236,"1,311"
2022/12/5,304,"2,197","1,298","1,259",120,188,326,133,32,270,495,977,"2,562",454,511,"1,608",35,199,429,2,83,462,"2,078"
2022/12/6,274,"2,234","1,458","1,169",97,160,271,201,47,248,489,907,"2,809",571,627,"1,958",22,221,446,6,62,341,"2,113"
2022/12/7,228,"2,137","1,337","1,127",103,136,231,180,57,231,404,778,"2,476",462,505,"1,723",26,215,470,2,62,339,"2,049"
2022/12/8,229,"1,929","1,240","1,097",96,132,194,192,66,212,405,740,"2,392",431,478,"1,647",36,206,406,2,48,287,"1,886"
2022/12/9,265,"1,989","1,346","1,035",91,153,216,185,60,202,330,790,"2,296",443,480,"1,679",30,156,398,2,71,298,"1,752"
2022/12/10,205,"1,947","1,371","1,043",76,137,194,156,52,212,332,685,"2,460",467,438,"1,630",25,150,326,3,46,300,"1,820"
2022/12/11,197,"1,561","1,055",851,57,106,159,124,32,117,234,594,"1,730",332,401,"1,344",28,131,267,1,45,242,"1,245"
2022/12/12,281,"2,253","1,628","1,519",95,179,284,145,50,260,482,972,"2,833",499,536,"1,724",44,226,478,2,85,397,"2,183"
2022/12/13,249,"2,263","1,767","1,323",108,182,284,213,104,200,457,807,"3,259",555,645,"2,019",25,217,460,1,82,343,"2,093"
2022/12/14,231,"2,149","1,549","1,230",81,155,277,177,69,212,352,721,"2,998",504,515,"1,812",27,160,436,0,56,362,"1,997"
2022/12/15,209,"1,981","1,461","1,166",90,119,232,183,89,169,400,709,"2,942",458,562,"1,866",37,146,409,1,57,305,"1,798"
2022/12/16,211,"1,954","1,572","1,185",92,155,228,185,147,214,365,706,"3,097",473,487,"1,776",31,141,372,4,72,326,"1,822"
2022/12/17,190,"1,914","1,590","1,120",79,128,215,216,82,224,301,635,"3,043",490,532,"1,797",24,157,322,0,61,280,"1,718"
2022/12/18,165,"1,373","1,035",738,41,83,156,133,50,129,189,461,"2,022",274,376,"1,302",31,90,306,2,43,195,"1,169"
2022/12/19,236,"2,203","1,729","1,337",115,160,234,167,48,242,392,823,"3,338",520,597,"1,807",44,163,452,1,88,354,"2,070"
2022/12/20,242,"2,384","2,122","1,333",115,176,266,241,105,258,403,883,"3,904",556,766,"2,271",53,185,426,0,75,322,"2,055"
2022/12/21,282,"2,597","2,032","1,554",98,166,285,242,89,269,370,901,"4,070",644,731,"2,181",50,177,474,4,100,361,"2,199"
2022/12/22,251,"2,481","2,086","1,543",102,138,247,228,108,235,340,776,"3,919",582,659,"2,240",54,196,398,6,73,334,"2,069"
2022/12/23,296,"2,253","1,967","1,402",78,151,259,243,117,280,372,836,"3,613",581,635,"2,098",36,156,423,1,80,272,"1,908"
2022/12/24,238,"2,238","1,957","1,373",100,156,227,258,74,260,370,715,"3,655",663,599,"1,984",43,115,387,2,76,316,"1,916"
2022/12/25,217,"1,868","1,415","1,116",48,84,145,178,63,196,239,632,"2,877",436,653,"1,713",39,133,365,1,65,239,"1,510"
2022/12/26,377,"3,143","2,656","2,083",117,233,411,278,71,341,417,"1,203","4,892",737,891,"2,658",50,166,680,3,112,441,"2,526"
2022/12/27,319,"3,642","3,128","2,266",128,225,342,355,223,342,459,"1,263","5,772",957,"1,124","3,302",44,229,665,3,104,439,"2,819"
2022/12/28,416,"3,644","3,105","2,135",121,261,369,424,151,365,400,"1,153","5,815",983,"1,006","3,151",34,214,712,8,118,489,"2,847"
2022/12/29,362,"3,696","3,009","2,140",125,216,331,381,167,292,478,"1,235","5,632",895,"1,007","3,061",50,226,703,6,97,481,"2,788"
2022/12/30,376,"3,225","2,930","1,988",98,230,372,372,81,337,401,"1,196","5,564",813,931,"2,839",61,197,684,8,102,404,"2,542"
2022/12/31,345,"3,488","2,788","1,997",103,197,327,433,109,315,432,"1,091","5,484",780,932,"2,739",52,209,556,4,99,412,"2,490"
2023/1/1,228,"2,109","1,635","1,319",95,158,230,287,72,205,315,797,"3,437",479,644,"1,841",30,117,432,6,56,284,"1,820"
2023/1/2,372,"3,275","2,731","2,108",106,273,379,369,353,335,496,"1,224","5,001",636,747,"2,395",45,159,600,7,136,518,"2,732"
2023/1/3,457,"4,483","3,719","2,820",167,309,471,468,480,433,637,"1,384","6,841",999,"1,129","3,493",73,233,848,15,101,567,"3,729"
2023/1/4,421,"4,203","3,518","2,579",162,260,457,453,412,415,597,"1,291","6,361",900,"1,032","3,384",57,238,674,7,117,505,"3,467"
2023/1/5,344,"3,655","2,870","2,168",124,256,389,388,396,369,568,"1,110","5,654",810,848,"3,008",54,202,690,6,104,475,"3,180"
2023/1/6,330,"3,186","2,627","1,930",129,232,347,383,274,333,478,"1,029","4,986",674,796,"2,610",47,164,540,7,78,416,"2,818"
2023/1/7,290,"2,924","2,460","1,996",124,209,362,366,330,332,498,979,"4,751",667,784,"2,353",38,163,565,8,88,417,"2,699"
2023/1/8,250,"2,330","1,743","1,309",56,144,225,292,383,234,297,736,"3,392",412,535,"1,996",25,157,414,4,74,306,"1,993"
2023/1/9,378,"3,234","2,675","1,947",105,258,384,352,508,342,611,"1,018","4,964",625,705,"2,359",50,173,669,5,90,496,"3,103"
2023/1/10,280,"3,253","2,729","1,971",117,227,374,399,389,359,531,905,"5,356",727,857,"2,814",54,202,640,5,66,380,"2,989"
2023/1/11,303,"2,964","2,450","1,764",96,169,305,365,281,311,464,817,"4,808",588,684,"2,513",32,148,592,4,72,397,"2,781"
2023/1/12,261,"2,818","2,387","1,586",110,169,251,372,347,340,406,853,"4,516",544,677,"2,507",37,152,504,0,74,330,"2,491"
2023/1/13,294,"2,483","2,200","1,592",87,163,291,364,258,300,410,808,"4,407",518,614,"2,225",32,134,496,0,76,342,"2,311"
2023/1/14,254,"2,724","2,230","1,624",118,177,253,368,293,298,427,822,"4,384",563,655,"2,326",29,155,501,13,70,369,"2,610"
2023/1/15,244,"2,005","1,540","1,237",65,116,168,240,222,190,292,601,"3,228",419,554,"1,919",29,123,371,9,42,252,"1,765"
2023/1/16,315,"2,444","2,080","1,662",107,187,255,294,294,269,379,859,"4,034",520,561,"1,921",33,199,539,13,51,407,"2,543"
2023/1/17,274,"2,419","2,380","1,714",104,164,221,332,257,297,393,785,"4,450",572,606,"2,432",36,167,573,8,72,333,"2,425"
2023/1/18,188,"2,178","1,891","1,495",89,141,231,356,331,244,319,705,"3,857",503,582,"1,993",26,205,435,13,54,333,"2,228"
2023/1/19,249,"1,939","1,922","1,524",94,137,185,338,300,290,334,705,"3,820",493,513,"2,145",29,194,417,16,51,282,"2,235"
2023/1/20,279,"2,402","2,129","1,694",108,186,226,360,276,342,398,903,"4,539",420,569,"2,439",43,212,551,8,93,384,"2,516"
2023/1/21,230,"2,190","1,905","1,532",82,169,223,373,249,254,382,726,"4,189",562,577,"2,260",32,190,501,3,56,304,"2,194"
2023/1/22,175,"1,276","1,095",846,62,100,142,204,137,162,255,442,"2,219",255,324,962,26,122,286,4,7,210,"1,351"
2023/1/23,250,"1,750","1,474","1,205",104,154,202,268,139,274,307,755,"2,862",342,458,"1,393",36,190,413,1,68,279,"1,925"
2023/1/24,270,"1,783","1,536","1,323",105,165,238,307,134,270,384,833,"3,371",410,510,"1,854",40,183,426,1,50,356,"1,963"
2023/1/25,273,"2,347","1,849","1,580",95,178,258,397,178,355,417,808,"3,753",431,569,"2,103",30,219,406,0,79,369,"2,443"
2023/1/26,383,"2,762","2,324","1,918",135,227,312,487,184,437,541,"1,001","5,082",525,806,"2,826",60,290,632,5,71,475,"2,863"
2023/1/27,424,"3,110","2,580","2,081",142,227,386,544,223,536,567,"1,145","5,394",616,859,"3,301",72,343,696,4,86,541,"3,552"
2023/1/28,400,"3,282","2,267","2,185",155,269,364,579,178,473,613,"1,202","5,688",751,787,"3,179",59,342,664,4,98,511,"3,296"
2023/1/29,379,"2,797","1,864","1,586",148,204,274,490,129,366,497,975,"4,237",559,900,"2,841",72,277,614,5,92,399,"2,582"
2023/1/30,480,"3,983","2,695","2,913",211,267,489,486,200,604,825,"1,505","6,000",696,976,"3,474",101,449,905,9,111,787,"4,103"
2023/1/31,435,"3,960","2,831","2,474",222,261,404,630,244,556,754,"1,351","6,211",833,"1,073","3,898",61,397,836,5,75,603,"3,680"
2023/2/1,402,"3,209","2,373","2,207",179,237,368,544,239,549,627,"1,285","5,249",597,830,"3,035",62,437,677,9,82,529,"3,349"
2023/2/2,373,"3,122","1,976","2,066",215,208,331,474,321,537,584,"1,174","5,020",593,823,"2,886",72,337,615,6,66,504,"3,156"
2023/2/3,394,"2,909","1,972","1,841",158,187,276,470,339,520,561,"1,212","4,425",561,785,"2,646",59,447,565,6,61,388,"2,951"
2023/2/4,365,"2,759","2,095","1,743",160,193,281,447,347,470,594,"1,045","4,510",591,685,"2,622",48,325,518,7,52,395,"2,729"
2023/2/5,284,"1,944","1,323","1,223",74,128,194,314,226,270,405,820,"3,213",413,582,"2,160",40,188,485,4,42,260,"2,040"
2023/2/6,342,"2,962","1,976","1,969",152,215,349,355,299,567,636,"1,068","4,497",520,658,"2,279",53,288,648,6,56,485,"3,005"
2023/2/7,412,"2,901","2,149","1,857",137,206,268,519,296,502,632,"1,106","4,764",602,757,"2,778",50,293,573,8,47,438,"2,941"
2023/2/8,315,"2,566","1,836","1,728",119,192,233,426,288,419,476,946,"4,119",540,662,"2,289",44,239,452,8,40,405,"2,569"
2023/2/9,339,"2,302","1,754","1,577",136,157,261,375,258,388,519,808,"3,908",489,656,"2,286",52,240,422,2,35,352,"2,305"
2023/2/10,262,"2,227","1,628","1,440",98,159,239,328,243,372,470,851,"3,585",440,497,"2,029",57,239,385,5,25,380,"2,334"
2023/2/11,226,"2,013","1,489","1,507",97,157,250,361,237,437,432,790,"3,288",433,523,"1,887",35,210,359,6,45,369,"2,031"
2023/2/12,206,"1,513","1,012","1,003",65,111,135,268,183,226,318,609,"2,455",255,406,"1,535",51,175,289,6,29,225,"1,575"
2023/2/13,335,"2,434","1,714","1,770",126,210,326,334,304,488,529,981,"3,877",454,573,"2,049",53,289,517,10,50,471,"2,614"
2023/2/14,304,"2,454","1,789","1,573",127,173,225,340,298,339,510,817,"3,843",487,545,"2,538",20,340,459,4,34,408,"2,226"
2023/2/15,271,"1,917","1,413","1,391",108,140,228,308,225,367,394,771,"3,216",404,476,"2,082",28,200,334,12,39,359,"2,059"
2023/2/16,224,"1,830","1,338","1,271",119,153,211,279,229,321,389,675,"2,892",358,443,"1,967",22,191,358,5,31,304,"1,811"
2023/2/17,249,"1,827","1,259","1,338",95,119,220,237,224,346,384,725,"2,674",313,474,"1,794",27,234,315,5,38,335,"1,812"
2023/2/18,245,"1,807","1,316","1,393",106,146,214,308,109,302,372,683,"3,048",380,500,"2,056",19,241,331,6,32,349,"1,904"
2023/2/19,193,"1,382",998,"1,020",66,101,172,190,166,242,295,561,"2,215",233,380,"1,613",35,157,309,2,25,227,"1,474"
2023/2/20,277,"2,007","1,432","1,677",160,211,279,241,249,382,472,772,"3,175",384,472,"1,761",45,247,397,8,26,430,"2,147"
2023/2/21,226,"1,821","1,419","1,388",114,148,215,314,254,352,430,694,"3,253",415,525,"1,988",19,196,380,2,28,327,"1,969"
2023/2/22,208,"1,590","1,254","1,246",92,134,210,236,225,303,367,642,"2,778",337,404,"1,714",27,224,322,7,28,257,"1,779"
2023/2/23,194,"1,477","1,130","1,134",84,131,203,221,223,309,380,576,"2,701",281,396,"1,585",19,171,321,2,31,275,"1,593"
2023/2/24,202,"1,542","1,151","1,083",90,135,196,235,195,333,336,588,"2,731",317,391,"1,517",33,198,272,1,29,296,"1,651"
2023/2/25,208,"1,513","1,048","1,123",77,134,169,253,209,325,294,585,"2,601",320,383,"1,439",20,149,243,2,25,272,"1,693"
2023/2/26,132,923,663,624,35,72,112,113,113,161,188,385,"1,498",138,223,"1,020",25,104,166,3,13,135,896
2023/2/27,164,"1,157",805,928,49,108,147,172,141,285,283,510,"1,865",208,269,"1,015",15,157,214,4,31,233,"1,357"
2023/2/28,159,"1,623",988,"1,054",66,126,182,203,153,285,340,529,"2,261",264,316,"1,310",42,130,240,8,21,290,"1,621"
2023/3/1,233,"1,740","1,168","1,201",96,151,201,201,224,293,361,625,"2,580",277,455,"1,563",35,178,354,7,33,291,"1,834"
2023/3/2,216,"1,714","1,233","1,161",96,118,180,223,227,322,346,535,"2,545",383,368,"1,663",24,177,260,1,24,254,"1,737"
2023/3/3,177,"1,406",917,"1,028",63,101,181,194,192,248,304,486,"2,182",236,347,"1,253",23,119,236,7,27,217,"1,451"
2023/3/4,156,"1,197",798,897,61,124,150,197,169,280,252,413,"1,880",256,289,"1,240",23,106,246,1,35,223,"1,310"
2023/3/5,133,844,602,568,44,72,99,131,114,137,205,323,"1,320",188,224,807,19,66,135,1,31,133,882
2023/3/6,182,"1,373",905,"1,066",70,138,192,146,162,250,311,458,"1,919",219,286,"1,136",16,163,261,1,49,260,"1,469"
2023/3/7,195,"1,273",962,996,70,105,177,190,145,288,298,450,"2,053",295,355,"1,240",22,145,220,0,30,220,"1,327"
2023/3/8,146,"1,163",792,864,68,104,131,178,136,254,251,358,"1,744",223,287,"1,107",19,119,220,0,39,210,"1,168"
2023/3/9,127,"1,090",775,797,72,97,133,121,136,216,236,367,"1,704",223,270,"1,006",24,122,200,3,36,176,"1,162"
2023/3/10,147,"1,060",753,786,52,69,119,176,125,227,217,335,"1,603",209,236,996,15,125,187,0,37,146,999
2023/3/11,139,"1,095",784,729,67,107,141,167,173,187,229,375,"1,750",229,238,"1,042",15,126,216,0,24,173,"1,083"
2023/3/12,103,832,596,478,37,62,81,105,101,119,177,301,"1,222",148,232,753,25,89,199,0,37,113,764
2023/3/13,184,"1,185",898,849,90,137,166,140,168,239,274,406,"1,944",240,302,913,20,138,294,3,43,247,"1,203"
2023/3/14,169,"1,172",932,790,67,111,187,239,169,206,306,369,"2,037",301,321,"1,036",22,143,274,2,36,186,"1,111"
2023/3/15,165,"1,087",817,784,55,105,145,203,151,164,232,349,"1,732",245,274,941,14,108,223,1,27,196,"1,043"
